Copyright 1986-2022 Xilinx, Inc. All Rights Reserved. Copyright 2022-2024 Advanced Micro Devices, Inc. All Rights Reserved.
---------------------------------------------------------------------------------------------------------------------------------------------
| Tool Version : Vivado v.2024.2 (lin64) Build 5239630 Fri Nov 08 22:34:34 MST 2024
| Date         : Fri Apr  3 20:09:36 2026
| Host         : aleem-Latitude-5480 running 64-bit Ubuntu 24.04.4 LTS
| Command      : report_timing_summary -file synth_v3_timing_output/timing.rpt -max_paths 10 -report_unconstrained
| Design       : streaming_attention_v3
| Device       : 7z020-clg400
| Speed File   : -1  PRODUCTION 1.12 2019-11-22
| Design State : Synthesized
---------------------------------------------------------------------------------------------------------------------------------------------

Timing Summary Report

------------------------------------------------------------------------------------------------
| Timer Settings
| --------------
------------------------------------------------------------------------------------------------

  Enable Multi Corner Analysis               :  Yes
  Enable Pessimism Removal                   :  Yes
  Pessimism Removal Resolution               :  Nearest Common Node
  Enable Input Delay Default Clock           :  No
  Enable Preset / Clear Arcs                 :  No
  Disable Flight Delays                      :  No
  Ignore I/O Paths                           :  No
  Timing Early Launch at Borrowing Latches   :  No
  Borrow Time for Max Delay Exceptions       :  Yes
  Merge Timing Exceptions                    :  Yes
  Inter-SLR Compensation                     :  Conservative

  Corner  Analyze    Analyze    
  Name    Max Paths  Min Paths  
  ------  ---------  ---------  
  Slow    Yes        Yes        
  Fast    Yes        Yes        


------------------------------------------------------------------------------------------------
| Report Methodology
| ------------------
------------------------------------------------------------------------------------------------

No report available as report_methodology has not been run prior. Run report_methodology on the current design for the summary of methodology violations.



check_timing report

Table of Contents
-----------------
1. checking no_clock (0)
2. checking constant_clock (0)
3. checking pulse_width_clock (0)
4. checking unconstrained_internal_endpoints (0)
5. checking no_input_delay (0)
6. checking no_output_delay (0)
7. checking multiple_clock (0)
8. checking generated_clocks (0)
9. checking loops (0)
10. checking partial_input_delay (29)
11. checking partial_output_delay (0)
12. checking latch_loops (0)

1. checking no_clock (0)
------------------------
 There are 0 register/latch pins with no clock.


2. checking constant_clock (0)
------------------------------
 There are 0 register/latch pins with constant_clock.


3. checking pulse_width_clock (0)
---------------------------------
 There are 0 register/latch pins which need pulse_width check


4. checking unconstrained_internal_endpoints (0)
------------------------------------------------
 There are 0 pins that are not constrained for maximum delay.

 There are 0 pins that are not constrained for maximum delay due to constant clock.


5. checking no_input_delay (0)
------------------------------
 There are 0 input ports with no input delay specified.

 There are 0 input ports with no input delay but user has a false path constraint.


6. checking no_output_delay (0)
-------------------------------
 There are 0 ports with no output delay specified.

 There are 0 ports with no output delay but user has a false path constraint

 There are 0 ports with no output delay but with a timing clock defined on it or propagating through it


7. checking multiple_clock (0)
------------------------------
 There are 0 register/latch pins with multiple clocks.


8. checking generated_clocks (0)
--------------------------------
 There are 0 generated clocks that are not connected to a clock source.


9. checking loops (0)
---------------------
 There are 0 combinational loops in the design.


10. checking partial_input_delay (29)
-------------------------------------
 There are 29 input ports with partial input delay specified. (HIGH)


11. checking partial_output_delay (0)
-------------------------------------
 There are 0 ports with partial output delay specified.


12. checking latch_loops (0)
----------------------------
 There are 0 combinational latch loops in the design through latch input



------------------------------------------------------------------------------------------------
| Design Timing Summary
| ---------------------
------------------------------------------------------------------------------------------------

    WNS(ns)      TNS(ns)  TNS Failing Endpoints  TNS Total Endpoints      WHS(ns)      THS(ns)  THS Failing Endpoints  THS Total Endpoints     WPWS(ns)     TPWS(ns)  TPWS Failing Endpoints  TPWS Total Endpoints  
    -------      -------  ---------------------  -------------------      -------      -------  ---------------------  -------------------     --------     --------  ----------------------  --------------------  
     -1.342     -355.432                    384                 4581        0.062        0.000                      0                 4581        4.500        0.000                       0                  1524  


Timing constraints are not met.


------------------------------------------------------------------------------------------------
| Clock Summary
| -------------
------------------------------------------------------------------------------------------------

Clock  Waveform(ns)       Period(ns)      Frequency(MHz)
-----  ------------       ----------      --------------
clk    {0.000 5.000}      10.000          100.000         


------------------------------------------------------------------------------------------------
| Intra Clock Table
| -----------------
------------------------------------------------------------------------------------------------

Clock             WNS(ns)      TNS(ns)  TNS Failing Endpoints  TNS Total Endpoints      WHS(ns)      THS(ns)  THS Failing Endpoints  THS Total Endpoints     WPWS(ns)     TPWS(ns)  TPWS Failing Endpoints  TPWS Total Endpoints  
-----             -------      -------  ---------------------  -------------------      -------      -------  ---------------------  -------------------     --------     --------  ----------------------  --------------------  
clk                -1.342     -355.432                    384                 3057        0.062        0.000                      0                 3057        4.500        0.000                       0                  1524  


------------------------------------------------------------------------------------------------
| Inter Clock Table
| -----------------
------------------------------------------------------------------------------------------------

From Clock    To Clock          WNS(ns)      TNS(ns)  TNS Failing Endpoints  TNS Total Endpoints      WHS(ns)      THS(ns)  THS Failing Endpoints  THS Total Endpoints  
----------    --------          -------      -------  ---------------------  -------------------      -------      -------  ---------------------  -------------------  


------------------------------------------------------------------------------------------------
| Other Path Groups Table
| -----------------------
------------------------------------------------------------------------------------------------

Path Group         From Clock         To Clock               WNS(ns)      TNS(ns)  TNS Failing Endpoints  TNS Total Endpoints      WHS(ns)      THS(ns)  THS Failing Endpoints  THS Total Endpoints  
----------         ----------         --------               -------      -------  ---------------------  -------------------      -------      -------  ---------------------  -------------------  
**async_default**  clk                clk                      5.315        0.000                      0                 1524        1.241        0.000                      0                 1524  


------------------------------------------------------------------------------------------------
| User Ignored Path Table
| -----------------------
------------------------------------------------------------------------------------------------

Path Group    From Clock    To Clock    
----------    ----------    --------    


------------------------------------------------------------------------------------------------
| Unconstrained Path Table
| ------------------------
------------------------------------------------------------------------------------------------

Path Group    From Clock    To Clock    
----------    ----------    --------    
(none)        clk                         


------------------------------------------------------------------------------------------------
| Timing Details
| --------------
------------------------------------------------------------------------------------------------


---------------------------------------------------------------------------------------------------
From Clock:  clk
  To Clock:  clk

Setup :          384  Failing Endpoints,  Worst Slack       -1.342ns,  Total Violation     -355.432ns
Hold  :            0  Failing Endpoints,  Worst Slack        0.062ns,  Total Violation        0.000ns
PW    :            0  Failing Endpoints,  Worst Slack        4.500ns,  Total Violation        0.000ns
---------------------------------------------------------------------------------------------------


Max Delay Paths
--------------------------------------------------------------------------------------
Slack (VIOLATED) :        -1.342ns  (required time - arrival time)
  Source:                 v_data[7]
                            (input port clocked by clk  {rise@0.000ns fall@5.000ns period=10.000ns})
  Destination:            output_row_reg[63][21]/D
                            (rising edge-triggered cell FDCE clocked by clk  {rise@0.000ns fall@5.000ns period=10.000ns})
  Path Group:             clk
  Path Type:              Setup (Max at Slow Process Corner)
  Requirement:            10.000ns  (clk rise@10.000ns - clk rise@0.000ns)
  Data Path Delay:        9.108ns  (logic 6.669ns (73.224%)  route 2.439ns (26.776%))
  Logic Levels:           6  (CARRY4=2 DSP48E1=2 LUT2=1 LUT4=1)
  Input Delay:            3.000ns
  Clock Path Skew:        0.924ns (DCD - SCD + CPR)
    Destination Clock Delay (DCD):    0.924ns = ( 10.924 - 10.000 ) 
    Source Clock Delay      (SCD):    0.000ns
    Clock Pessimism Removal (CPR):    0.000ns
  Clock Uncertainty:      0.235ns  ((TSJ^2 + TIJ^2)^1/2 + DJ) / 2 + PE + UU
    Total System Jitter     (TSJ):    0.071ns
    Total Input Jitter      (TIJ):    0.000ns
    Discrete Jitter          (DJ):    0.000ns
    Phase Error              (PE):    0.000ns
    User Uncertainty         (UU):    0.200ns

    Location             Delay type                Incr(ns)  Path(ns)    Netlist Resource(s)
  -------------------------------------------------------------------    -------------------
                         (clock clk rise edge)        0.000     0.000 r  
                         input delay                  3.000     3.000    
                                                      0.000     3.000 r  v_data[7] (IN)
                         net (fo=21, unset)           0.973     3.973    v_data[7]
                         DSP48E1 (Prop_dsp48e1_B[17]_PCOUT[47])
                                                      3.851     7.824 r  p_1_out/PCOUT[47]
                         net (fo=1, unplaced)         0.055     7.879    p_1_out_n_106
                         DSP48E1 (Prop_dsp48e1_PCIN[47]_P[0])
                                                      1.518     9.397 r  p_1_out__0/P[0]
                         net (fo=3, unplaced)         0.800    10.197    p_0_in[17]
                         LUT2 (Prop_lut2_I1_O)        0.124    10.321 r  output_row[63][19]_i_5/O
                         net (fo=1, unplaced)         0.000    10.321    output_row[63][19]_i_5_n_0
                         CARRY4 (Prop_carry4_S[1]_CO[3])
                                                      0.533    10.854 r  output_row_reg[63][19]_i_2/CO[3]
                         net (fo=1, unplaced)         0.000    10.854    output_row_reg[63][19]_i_2_n_0
                         CARRY4 (Prop_carry4_CI_O[1])
                                                      0.337    11.191 r  output_row_reg[63][22]_i_3/O[1]
                         net (fo=1, unplaced)         0.611    11.802    data0[21]
                         LUT4 (Prop_lut4_I0_O)        0.306    12.108 r  output_row[63][21]_i_1/O
                         net (fo=1, unplaced)         0.000    12.108    output_row[63][21]_i_1_n_0
                         FDCE                                         r  output_row_reg[63][21]/D
  -------------------------------------------------------------------    -------------------

                         (clock clk rise edge)       10.000    10.000 r  
                                                      0.000    10.000 r  clk (IN)
                         net (fo=1523, unset)         0.924    10.924    clk
                         FDCE                                         r  output_row_reg[63][21]/C
                         clock pessimism              0.000    10.924    
                         clock uncertainty           -0.235    10.689    
                         FDCE (Setup_fdce_C_D)        0.077    10.766    output_row_reg[63][21]
  -------------------------------------------------------------------
                         required time                         10.766    
                         arrival time                         -12.108    
  -------------------------------------------------------------------
                         slack                                 -1.342    

Slack (VIOLATED) :        -1.134ns  (required time - arrival time)
  Source:                 v_data[7]
                            (input port clocked by clk  {rise@0.000ns fall@5.000ns period=10.000ns})
  Destination:            output_row_reg[0][19]/D
                            (rising edge-triggered cell FDCE clocked by clk  {rise@0.000ns fall@5.000ns period=10.000ns})
  Path Group:             clk
  Path Type:              Setup (Max at Slow Process Corner)
  Requirement:            10.000ns  (clk rise@10.000ns - clk rise@0.000ns)
  Data Path Delay:        8.900ns  (logic 6.443ns (72.396%)  route 2.457ns (27.604%))
  Logic Levels:           5  (CARRY4=1 DSP48E1=2 LUT2=1 LUT6=1)
  Input Delay:            3.000ns
  Clock Path Skew:        0.924ns (DCD - SCD + CPR)
    Destination Clock Delay (DCD):    0.924ns = ( 10.924 - 10.000 ) 
    Source Clock Delay      (SCD):    0.000ns
    Clock Pessimism Removal (CPR):    0.000ns
  Clock Uncertainty:      0.235ns  ((TSJ^2 + TIJ^2)^1/2 + DJ) / 2 + PE + UU
    Total System Jitter     (TSJ):    0.071ns
    Total Input Jitter      (TIJ):    0.000ns
    Discrete Jitter          (DJ):    0.000ns
    Phase Error              (PE):    0.000ns
    User Uncertainty         (UU):    0.200ns

    Location             Delay type                Incr(ns)  Path(ns)    Netlist Resource(s)
  -------------------------------------------------------------------    -------------------
                         (clock clk rise edge)        0.000     0.000 r  
                         input delay                  3.000     3.000    
                                                      0.000     3.000 r  v_data[7] (IN)
                         net (fo=21, unset)           0.973     3.973    v_data[7]
                         DSP48E1 (Prop_dsp48e1_B[17]_PCOUT[47])
                                                      3.851     7.824 r  p_1_out/PCOUT[47]
                         net (fo=1, unplaced)         0.055     7.879    p_1_out_n_106
                         DSP48E1 (Prop_dsp48e1_PCIN[47]_P[0])
                                                      1.518     9.397 r  p_1_out__0/P[0]
                         net (fo=3, unplaced)         0.800    10.197    p_0_in[17]
                         LUT6 (Prop_lut6_I5_O)        0.124    10.321 r  output_row[1][19]_i_5/O
                         net (fo=1, unplaced)         0.000    10.321    output_row[1][19]_i_5_n_0
                         CARRY4 (Prop_carry4_S[1]_O[3])
                                                      0.643    10.964 r  output_row_reg[1][19]_i_2/O[3]
                         net (fo=2, unplaced)         0.629    11.593    data1[19]
                         LUT2 (Prop_lut2_I1_O)        0.307    11.900 r  output_row[1][19]_i_1/O
                         net (fo=63, unplaced)        0.000    11.900    output_row[1][19]_i_1_n_0
                         FDCE                                         r  output_row_reg[0][19]/D
  -------------------------------------------------------------------    -------------------

                         (clock clk rise edge)       10.000    10.000 r  
                                                      0.000    10.000 r  clk (IN)
                         net (fo=1523, unset)         0.924    10.924    clk
                         FDCE                                         r  output_row_reg[0][19]/C
                         clock pessimism              0.000    10.924    
                         clock uncertainty           -0.235    10.689    
                         FDCE (Setup_fdce_C_D)        0.077    10.766    output_row_reg[0][19]
  -------------------------------------------------------------------
                         required time                         10.766    
                         arrival time                         -11.900    
  -------------------------------------------------------------------
                         slack                                 -1.134    

Slack (VIOLATED) :        -1.134ns  (required time - arrival time)
  Source:                 v_data[7]
                            (input port clocked by clk  {rise@0.000ns fall@5.000ns period=10.000ns})
  Destination:            output_row_reg[10][19]/D
                            (rising edge-triggered cell FDCE clocked by clk  {rise@0.000ns fall@5.000ns period=10.000ns})
  Path Group:             clk
  Path Type:              Setup (Max at Slow Process Corner)
  Requirement:            10.000ns  (clk rise@10.000ns - clk rise@0.000ns)
  Data Path Delay:        8.900ns  (logic 6.443ns (72.396%)  route 2.457ns (27.604%))
  Logic Levels:           5  (CARRY4=1 DSP48E1=2 LUT2=1 LUT6=1)
  Input Delay:            3.000ns
  Clock Path Skew:        0.924ns (DCD - SCD + CPR)
    Destination Clock Delay (DCD):    0.924ns = ( 10.924 - 10.000 ) 
    Source Clock Delay      (SCD):    0.000ns
    Clock Pessimism Removal (CPR):    0.000ns
  Clock Uncertainty:      0.235ns  ((TSJ^2 + TIJ^2)^1/2 + DJ) / 2 + PE + UU
    Total System Jitter     (TSJ):    0.071ns
    Total Input Jitter      (TIJ):    0.000ns
    Discrete Jitter          (DJ):    0.000ns
    Phase Error              (PE):    0.000ns
    User Uncertainty         (UU):    0.200ns

    Location             Delay type                Incr(ns)  Path(ns)    Netlist Resource(s)
  -------------------------------------------------------------------    -------------------
                         (clock clk rise edge)        0.000     0.000 r  
                         input delay                  3.000     3.000    
                                                      0.000     3.000 r  v_data[7] (IN)
                         net (fo=21, unset)           0.973     3.973    v_data[7]
                         DSP48E1 (Prop_dsp48e1_B[17]_PCOUT[47])
                                                      3.851     7.824 r  p_1_out/PCOUT[47]
                         net (fo=1, unplaced)         0.055     7.879    p_1_out_n_106
                         DSP48E1 (Prop_dsp48e1_PCIN[47]_P[0])
                                                      1.518     9.397 r  p_1_out__0/P[0]
                         net (fo=3, unplaced)         0.800    10.197    p_0_in[17]
                         LUT6 (Prop_lut6_I5_O)        0.124    10.321 r  output_row[1][19]_i_5/O
                         net (fo=1, unplaced)         0.000    10.321    output_row[1][19]_i_5_n_0
                         CARRY4 (Prop_carry4_S[1]_O[3])
                                                      0.643    10.964 r  output_row_reg[1][19]_i_2/O[3]
                         net (fo=2, unplaced)         0.629    11.593    data1[19]
                         LUT2 (Prop_lut2_I1_O)        0.307    11.900 r  output_row[1][19]_i_1/O
                         net (fo=63, unplaced)        0.000    11.900    output_row[1][19]_i_1_n_0
                         FDCE                                         r  output_row_reg[10][19]/D
  -------------------------------------------------------------------    -------------------

                         (clock clk rise edge)       10.000    10.000 r  
                                                      0.000    10.000 r  clk (IN)
                         net (fo=1523, unset)         0.924    10.924    clk
                         FDCE                                         r  output_row_reg[10][19]/C
                         clock pessimism              0.000    10.924    
                         clock uncertainty           -0.235    10.689    
                         FDCE (Setup_fdce_C_D)        0.077    10.766    output_row_reg[10][19]
  -------------------------------------------------------------------
                         required time                         10.766    
                         arrival time                         -11.900    
  -------------------------------------------------------------------
                         slack                                 -1.134    

Slack (VIOLATED) :        -1.134ns  (required time - arrival time)
  Source:                 v_data[7]
                            (input port clocked by clk  {rise@0.000ns fall@5.000ns period=10.000ns})
  Destination:            output_row_reg[11][19]/D
                            (rising edge-triggered cell FDCE clocked by clk  {rise@0.000ns fall@5.000ns period=10.000ns})
  Path Group:             clk
  Path Type:              Setup (Max at Slow Process Corner)
  Requirement:            10.000ns  (clk rise@10.000ns - clk rise@0.000ns)
  Data Path Delay:        8.900ns  (logic 6.443ns (72.396%)  route 2.457ns (27.604%))
  Logic Levels:           5  (CARRY4=1 DSP48E1=2 LUT2=1 LUT6=1)
  Input Delay:            3.000ns
  Clock Path Skew:        0.924ns (DCD - SCD + CPR)
    Destination Clock Delay (DCD):    0.924ns = ( 10.924 - 10.000 ) 
    Source Clock Delay      (SCD):    0.000ns
    Clock Pessimism Removal (CPR):    0.000ns
  Clock Uncertainty:      0.235ns  ((TSJ^2 + TIJ^2)^1/2 + DJ) / 2 + PE + UU
    Total System Jitter     (TSJ):    0.071ns
    Total Input Jitter      (TIJ):    0.000ns
    Discrete Jitter          (DJ):    0.000ns
    Phase Error              (PE):    0.000ns
    User Uncertainty         (UU):    0.200ns

    Location             Delay type                Incr(ns)  Path(ns)    Netlist Resource(s)
  -------------------------------------------------------------------    -------------------
                         (clock clk rise edge)        0.000     0.000 r  
                         input delay                  3.000     3.000    
                                                      0.000     3.000 r  v_data[7] (IN)
                         net (fo=21, unset)           0.973     3.973    v_data[7]
                         DSP48E1 (Prop_dsp48e1_B[17]_PCOUT[47])
                                                      3.851     7.824 r  p_1_out/PCOUT[47]
                         net (fo=1, unplaced)         0.055     7.879    p_1_out_n_106
                         DSP48E1 (Prop_dsp48e1_PCIN[47]_P[0])
                                                      1.518     9.397 r  p_1_out__0/P[0]
                         net (fo=3, unplaced)         0.800    10.197    p_0_in[17]
                         LUT6 (Prop_lut6_I5_O)        0.124    10.321 r  output_row[1][19]_i_5/O
                         net (fo=1, unplaced)         0.000    10.321    output_row[1][19]_i_5_n_0
                         CARRY4 (Prop_carry4_S[1]_O[3])
                                                      0.643    10.964 r  output_row_reg[1][19]_i_2/O[3]
                         net (fo=2, unplaced)         0.629    11.593    data1[19]
                         LUT2 (Prop_lut2_I1_O)        0.307    11.900 r  output_row[1][19]_i_1/O
                         net (fo=63, unplaced)        0.000    11.900    output_row[1][19]_i_1_n_0
                         FDCE                                         r  output_row_reg[11][19]/D
  -------------------------------------------------------------------    -------------------

                         (clock clk rise edge)       10.000    10.000 r  
                                                      0.000    10.000 r  clk (IN)
                         net (fo=1523, unset)         0.924    10.924    clk
                         FDCE                                         r  output_row_reg[11][19]/C
                         clock pessimism              0.000    10.924    
                         clock uncertainty           -0.235    10.689    
                         FDCE (Setup_fdce_C_D)        0.077    10.766    output_row_reg[11][19]
  -------------------------------------------------------------------
                         required time                         10.766    
                         arrival time                         -11.900    
  -------------------------------------------------------------------
                         slack                                 -1.134    

Slack (VIOLATED) :        -1.134ns  (required time - arrival time)
  Source:                 v_data[7]
                            (input port clocked by clk  {rise@0.000ns fall@5.000ns period=10.000ns})
  Destination:            output_row_reg[12][19]/D
                            (rising edge-triggered cell FDCE clocked by clk  {rise@0.000ns fall@5.000ns period=10.000ns})
  Path Group:             clk
  Path Type:              Setup (Max at Slow Process Corner)
  Requirement:            10.000ns  (clk rise@10.000ns - clk rise@0.000ns)
  Data Path Delay:        8.900ns  (logic 6.443ns (72.396%)  route 2.457ns (27.604%))
  Logic Levels:           5  (CARRY4=1 DSP48E1=2 LUT2=1 LUT6=1)
  Input Delay:            3.000ns
  Clock Path Skew:        0.924ns (DCD - SCD + CPR)
    Destination Clock Delay (DCD):    0.924ns = ( 10.924 - 10.000 ) 
    Source Clock Delay      (SCD):    0.000ns
    Clock Pessimism Removal (CPR):    0.000ns
  Clock Uncertainty:      0.235ns  ((TSJ^2 + TIJ^2)^1/2 + DJ) / 2 + PE + UU
    Total System Jitter     (TSJ):    0.071ns
    Total Input Jitter      (TIJ):    0.000ns
    Discrete Jitter          (DJ):    0.000ns
    Phase Error              (PE):    0.000ns
    User Uncertainty         (UU):    0.200ns

    Location             Delay type                Incr(ns)  Path(ns)    Netlist Resource(s)
  -------------------------------------------------------------------    -------------------
                         (clock clk rise edge)        0.000     0.000 r  
                         input delay                  3.000     3.000    
                                                      0.000     3.000 r  v_data[7] (IN)
                         net (fo=21, unset)           0.973     3.973    v_data[7]
                         DSP48E1 (Prop_dsp48e1_B[17]_PCOUT[47])
                                                      3.851     7.824 r  p_1_out/PCOUT[47]
                         net (fo=1, unplaced)         0.055     7.879    p_1_out_n_106
                         DSP48E1 (Prop_dsp48e1_PCIN[47]_P[0])
                                                      1.518     9.397 r  p_1_out__0/P[0]
                         net (fo=3, unplaced)         0.800    10.197    p_0_in[17]
                         LUT6 (Prop_lut6_I5_O)        0.124    10.321 r  output_row[1][19]_i_5/O
                         net (fo=1, unplaced)         0.000    10.321    output_row[1][19]_i_5_n_0
                         CARRY4 (Prop_carry4_S[1]_O[3])
                                                      0.643    10.964 r  output_row_reg[1][19]_i_2/O[3]
                         net (fo=2, unplaced)         0.629    11.593    data1[19]
                         LUT2 (Prop_lut2_I1_O)        0.307    11.900 r  output_row[1][19]_i_1/O
                         net (fo=63, unplaced)        0.000    11.900    output_row[1][19]_i_1_n_0
                         FDCE                                         r  output_row_reg[12][19]/D
  -------------------------------------------------------------------    -------------------

                         (clock clk rise edge)       10.000    10.000 r  
                                                      0.000    10.000 r  clk (IN)
                         net (fo=1523, unset)         0.924    10.924    clk
                         FDCE                                         r  output_row_reg[12][19]/C
                         clock pessimism              0.000    10.924    
                         clock uncertainty           -0.235    10.689    
                         FDCE (Setup_fdce_C_D)        0.077    10.766    output_row_reg[12][19]
  -------------------------------------------------------------------
                         required time                         10.766    
                         arrival time                         -11.900    
  -------------------------------------------------------------------
                         slack                                 -1.134    

Slack (VIOLATED) :        -1.134ns  (required time - arrival time)
  Source:                 v_data[7]
                            (input port clocked by clk  {rise@0.000ns fall@5.000ns period=10.000ns})
  Destination:            output_row_reg[13][19]/D
                            (rising edge-triggered cell FDCE clocked by clk  {rise@0.000ns fall@5.000ns period=10.000ns})
  Path Group:             clk
  Path Type:              Setup (Max at Slow Process Corner)
  Requirement:            10.000ns  (clk rise@10.000ns - clk rise@0.000ns)
  Data Path Delay:        8.900ns  (logic 6.443ns (72.396%)  route 2.457ns (27.604%))
  Logic Levels:           5  (CARRY4=1 DSP48E1=2 LUT2=1 LUT6=1)
  Input Delay:            3.000ns
  Clock Path Skew:        0.924ns (DCD - SCD + CPR)
    Destination Clock Delay (DCD):    0.924ns = ( 10.924 - 10.000 ) 
    Source Clock Delay      (SCD):    0.000ns
    Clock Pessimism Removal (CPR):    0.000ns
  Clock Uncertainty:      0.235ns  ((TSJ^2 + TIJ^2)^1/2 + DJ) / 2 + PE + UU
    Total System Jitter     (TSJ):    0.071ns
    Total Input Jitter      (TIJ):    0.000ns
    Discrete Jitter          (DJ):    0.000ns
    Phase Error              (PE):    0.000ns
    User Uncertainty         (UU):    0.200ns

    Location             Delay type                Incr(ns)  Path(ns)    Netlist Resource(s)
  -------------------------------------------------------------------    -------------------
                         (clock clk rise edge)        0.000     0.000 r  
                         input delay                  3.000     3.000    
                                                      0.000     3.000 r  v_data[7] (IN)
                         net (fo=21, unset)           0.973     3.973    v_data[7]
                         DSP48E1 (Prop_dsp48e1_B[17]_PCOUT[47])
                                                      3.851     7.824 r  p_1_out/PCOUT[47]
                         net (fo=1, unplaced)         0.055     7.879    p_1_out_n_106
                         DSP48E1 (Prop_dsp48e1_PCIN[47]_P[0])
                                                      1.518     9.397 r  p_1_out__0/P[0]
                         net (fo=3, unplaced)         0.800    10.197    p_0_in[17]
                         LUT6 (Prop_lut6_I5_O)        0.124    10.321 r  output_row[1][19]_i_5/O
                         net (fo=1, unplaced)         0.000    10.321    output_row[1][19]_i_5_n_0
                         CARRY4 (Prop_carry4_S[1]_O[3])
                                                      0.643    10.964 r  output_row_reg[1][19]_i_2/O[3]
                         net (fo=2, unplaced)         0.629    11.593    data1[19]
                         LUT2 (Prop_lut2_I1_O)        0.307    11.900 r  output_row[1][19]_i_1/O
                         net (fo=63, unplaced)        0.000    11.900    output_row[1][19]_i_1_n_0
                         FDCE                                         r  output_row_reg[13][19]/D
  -------------------------------------------------------------------    -------------------

                         (clock clk rise edge)       10.000    10.000 r  
                                                      0.000    10.000 r  clk (IN)
                         net (fo=1523, unset)         0.924    10.924    clk
                         FDCE                                         r  output_row_reg[13][19]/C
                         clock pessimism              0.000    10.924    
                         clock uncertainty           -0.235    10.689    
                         FDCE (Setup_fdce_C_D)        0.077    10.766    output_row_reg[13][19]
  -------------------------------------------------------------------
                         required time                         10.766    
                         arrival time                         -11.900    
  -------------------------------------------------------------------
                         slack                                 -1.134    

Slack (VIOLATED) :        -1.134ns  (required time - arrival time)
  Source:                 v_data[7]
                            (input port clocked by clk  {rise@0.000ns fall@5.000ns period=10.000ns})
  Destination:            output_row_reg[14][19]/D
                            (rising edge-triggered cell FDCE clocked by clk  {rise@0.000ns fall@5.000ns period=10.000ns})
  Path Group:             clk
  Path Type:              Setup (Max at Slow Process Corner)
  Requirement:            10.000ns  (clk rise@10.000ns - clk rise@0.000ns)
  Data Path Delay:        8.900ns  (logic 6.443ns (72.396%)  route 2.457ns (27.604%))
  Logic Levels:           5  (CARRY4=1 DSP48E1=2 LUT2=1 LUT6=1)
  Input Delay:            3.000ns
  Clock Path Skew:        0.924ns (DCD - SCD + CPR)
    Destination Clock Delay (DCD):    0.924ns = ( 10.924 - 10.000 ) 
    Source Clock Delay      (SCD):    0.000ns
    Clock Pessimism Removal (CPR):    0.000ns
  Clock Uncertainty:      0.235ns  ((TSJ^2 + TIJ^2)^1/2 + DJ) / 2 + PE + UU
    Total System Jitter     (TSJ):    0.071ns
    Total Input Jitter      (TIJ):    0.000ns
    Discrete Jitter          (DJ):    0.000ns
    Phase Error              (PE):    0.000ns
    User Uncertainty         (UU):    0.200ns

    Location             Delay type                Incr(ns)  Path(ns)    Netlist Resource(s)
  -------------------------------------------------------------------    -------------------
                         (clock clk rise edge)        0.000     0.000 r  
                         input delay                  3.000     3.000    
                                                      0.000     3.000 r  v_data[7] (IN)
                         net (fo=21, unset)           0.973     3.973    v_data[7]
                         DSP48E1 (Prop_dsp48e1_B[17]_PCOUT[47])
                                                      3.851     7.824 r  p_1_out/PCOUT[47]
                         net (fo=1, unplaced)         0.055     7.879    p_1_out_n_106
                         DSP48E1 (Prop_dsp48e1_PCIN[47]_P[0])
                                                      1.518     9.397 r  p_1_out__0/P[0]
                         net (fo=3, unplaced)         0.800    10.197    p_0_in[17]
                         LUT6 (Prop_lut6_I5_O)        0.124    10.321 r  output_row[1][19]_i_5/O
                         net (fo=1, unplaced)         0.000    10.321    output_row[1][19]_i_5_n_0
                         CARRY4 (Prop_carry4_S[1]_O[3])
                                                      0.643    10.964 r  output_row_reg[1][19]_i_2/O[3]
                         net (fo=2, unplaced)         0.629    11.593    data1[19]
                         LUT2 (Prop_lut2_I1_O)        0.307    11.900 r  output_row[1][19]_i_1/O
                         net (fo=63, unplaced)        0.000    11.900    output_row[1][19]_i_1_n_0
                         FDCE                                         r  output_row_reg[14][19]/D
  -------------------------------------------------------------------    -------------------

                         (clock clk rise edge)       10.000    10.000 r  
                                                      0.000    10.000 r  clk (IN)
                         net (fo=1523, unset)         0.924    10.924    clk
                         FDCE                                         r  output_row_reg[14][19]/C
                         clock pessimism              0.000    10.924    
                         clock uncertainty           -0.235    10.689    
                         FDCE (Setup_fdce_C_D)        0.077    10.766    output_row_reg[14][19]
  -------------------------------------------------------------------
                         required time                         10.766    
                         arrival time                         -11.900    
  -------------------------------------------------------------------
                         slack                                 -1.134    

Slack (VIOLATED) :        -1.134ns  (required time - arrival time)
  Source:                 v_data[7]
                            (input port clocked by clk  {rise@0.000ns fall@5.000ns period=10.000ns})
  Destination:            output_row_reg[15][19]/D
                            (rising edge-triggered cell FDCE clocked by clk  {rise@0.000ns fall@5.000ns period=10.000ns})
  Path Group:             clk
  Path Type:              Setup (Max at Slow Process Corner)
  Requirement:            10.000ns  (clk rise@10.000ns - clk rise@0.000ns)
  Data Path Delay:        8.900ns  (logic 6.443ns (72.396%)  route 2.457ns (27.604%))
  Logic Levels:           5  (CARRY4=1 DSP48E1=2 LUT2=1 LUT6=1)
  Input Delay:            3.000ns
  Clock Path Skew:        0.924ns (DCD - SCD + CPR)
    Destination Clock Delay (DCD):    0.924ns = ( 10.924 - 10.000 ) 
    Source Clock Delay      (SCD):    0.000ns
    Clock Pessimism Removal (CPR):    0.000ns
  Clock Uncertainty:      0.235ns  ((TSJ^2 + TIJ^2)^1/2 + DJ) / 2 + PE + UU
    Total System Jitter     (TSJ):    0.071ns
    Total Input Jitter      (TIJ):    0.000ns
    Discrete Jitter          (DJ):    0.000ns
    Phase Error              (PE):    0.000ns
    User Uncertainty         (UU):    0.200ns

    Location             Delay type                Incr(ns)  Path(ns)    Netlist Resource(s)
  -------------------------------------------------------------------    -------------------
                         (clock clk rise edge)        0.000     0.000 r  
                         input delay                  3.000     3.000    
                                                      0.000     3.000 r  v_data[7] (IN)
                         net (fo=21, unset)           0.973     3.973    v_data[7]
                         DSP48E1 (Prop_dsp48e1_B[17]_PCOUT[47])
                                                      3.851     7.824 r  p_1_out/PCOUT[47]
                         net (fo=1, unplaced)         0.055     7.879    p_1_out_n_106
                         DSP48E1 (Prop_dsp48e1_PCIN[47]_P[0])
                                                      1.518     9.397 r  p_1_out__0/P[0]
                         net (fo=3, unplaced)         0.800    10.197    p_0_in[17]
                         LUT6 (Prop_lut6_I5_O)        0.124    10.321 r  output_row[1][19]_i_5/O
                         net (fo=1, unplaced)         0.000    10.321    output_row[1][19]_i_5_n_0
                         CARRY4 (Prop_carry4_S[1]_O[3])
                                                      0.643    10.964 r  output_row_reg[1][19]_i_2/O[3]
                         net (fo=2, unplaced)         0.629    11.593    data1[19]
                         LUT2 (Prop_lut2_I1_O)        0.307    11.900 r  output_row[1][19]_i_1/O
                         net (fo=63, unplaced)        0.000    11.900    output_row[1][19]_i_1_n_0
                         FDCE                                         r  output_row_reg[15][19]/D
  -------------------------------------------------------------------    -------------------

                         (clock clk rise edge)       10.000    10.000 r  
                                                      0.000    10.000 r  clk (IN)
                         net (fo=1523, unset)         0.924    10.924    clk
                         FDCE                                         r  output_row_reg[15][19]/C
                         clock pessimism              0.000    10.924    
                         clock uncertainty           -0.235    10.689    
                         FDCE (Setup_fdce_C_D)        0.077    10.766    output_row_reg[15][19]
  -------------------------------------------------------------------
                         required time                         10.766    
                         arrival time                         -11.900    
  -------------------------------------------------------------------
                         slack                                 -1.134    

Slack (VIOLATED) :        -1.134ns  (required time - arrival time)
  Source:                 v_data[7]
                            (input port clocked by clk  {rise@0.000ns fall@5.000ns period=10.000ns})
  Destination:            output_row_reg[16][19]/D
                            (rising edge-triggered cell FDCE clocked by clk  {rise@0.000ns fall@5.000ns period=10.000ns})
  Path Group:             clk
  Path Type:              Setup (Max at Slow Process Corner)
  Requirement:            10.000ns  (clk rise@10.000ns - clk rise@0.000ns)
  Data Path Delay:        8.900ns  (logic 6.443ns (72.396%)  route 2.457ns (27.604%))
  Logic Levels:           5  (CARRY4=1 DSP48E1=2 LUT2=1 LUT6=1)
  Input Delay:            3.000ns
  Clock Path Skew:        0.924ns (DCD - SCD + CPR)
    Destination Clock Delay (DCD):    0.924ns = ( 10.924 - 10.000 ) 
    Source Clock Delay      (SCD):    0.000ns
    Clock Pessimism Removal (CPR):    0.000ns
  Clock Uncertainty:      0.235ns  ((TSJ^2 + TIJ^2)^1/2 + DJ) / 2 + PE + UU
    Total System Jitter     (TSJ):    0.071ns
    Total Input Jitter      (TIJ):    0.000ns
    Discrete Jitter          (DJ):    0.000ns
    Phase Error              (PE):    0.000ns
    User Uncertainty         (UU):    0.200ns

    Location             Delay type                Incr(ns)  Path(ns)    Netlist Resource(s)
  -------------------------------------------------------------------    -------------------
                         (clock clk rise edge)        0.000     0.000 r  
                         input delay                  3.000     3.000    
                                                      0.000     3.000 r  v_data[7] (IN)
                         net (fo=21, unset)           0.973     3.973    v_data[7]
                         DSP48E1 (Prop_dsp48e1_B[17]_PCOUT[47])
                                                      3.851     7.824 r  p_1_out/PCOUT[47]
                         net (fo=1, unplaced)         0.055     7.879    p_1_out_n_106
                         DSP48E1 (Prop_dsp48e1_PCIN[47]_P[0])
                                                      1.518     9.397 r  p_1_out__0/P[0]
                         net (fo=3, unplaced)         0.800    10.197    p_0_in[17]
                         LUT6 (Prop_lut6_I5_O)        0.124    10.321 r  output_row[1][19]_i_5/O
                         net (fo=1, unplaced)         0.000    10.321    output_row[1][19]_i_5_n_0
                         CARRY4 (Prop_carry4_S[1]_O[3])
                                                      0.643    10.964 r  output_row_reg[1][19]_i_2/O[3]
                         net (fo=2, unplaced)         0.629    11.593    data1[19]
                         LUT2 (Prop_lut2_I1_O)        0.307    11.900 r  output_row[1][19]_i_1/O
                         net (fo=63, unplaced)        0.000    11.900    output_row[1][19]_i_1_n_0
                         FDCE                                         r  output_row_reg[16][19]/D
  -------------------------------------------------------------------    -------------------

                         (clock clk rise edge)       10.000    10.000 r  
                                                      0.000    10.000 r  clk (IN)
                         net (fo=1523, unset)         0.924    10.924    clk
                         FDCE                                         r  output_row_reg[16][19]/C
                         clock pessimism              0.000    10.924    
                         clock uncertainty           -0.235    10.689    
                         FDCE (Setup_fdce_C_D)        0.077    10.766    output_row_reg[16][19]
  -------------------------------------------------------------------
                         required time                         10.766    
                         arrival time                         -11.900    
  -------------------------------------------------------------------
                         slack                                 -1.134    

Slack (VIOLATED) :        -1.134ns  (required time - arrival time)
  Source:                 v_data[7]
                            (input port clocked by clk  {rise@0.000ns fall@5.000ns period=10.000ns})
  Destination:            output_row_reg[17][19]/D
                            (rising edge-triggered cell FDCE clocked by clk  {rise@0.000ns fall@5.000ns period=10.000ns})
  Path Group:             clk
  Path Type:              Setup (Max at Slow Process Corner)
  Requirement:            10.000ns  (clk rise@10.000ns - clk rise@0.000ns)
  Data Path Delay:        8.900ns  (logic 6.443ns (72.396%)  route 2.457ns (27.604%))
  Logic Levels:           5  (CARRY4=1 DSP48E1=2 LUT2=1 LUT6=1)
  Input Delay:            3.000ns
  Clock Path Skew:        0.924ns (DCD - SCD + CPR)
    Destination Clock Delay (DCD):    0.924ns = ( 10.924 - 10.000 ) 
    Source Clock Delay      (SCD):    0.000ns
    Clock Pessimism Removal (CPR):    0.000ns
  Clock Uncertainty:      0.235ns  ((TSJ^2 + TIJ^2)^1/2 + DJ) / 2 + PE + UU
    Total System Jitter     (TSJ):    0.071ns
    Total Input Jitter      (TIJ):    0.000ns
    Discrete Jitter          (DJ):    0.000ns
    Phase Error              (PE):    0.000ns
    User Uncertainty         (UU):    0.200ns

    Location             Delay type                Incr(ns)  Path(ns)    Netlist Resource(s)
  -------------------------------------------------------------------    -------------------
                         (clock clk rise edge)        0.000     0.000 r  
                         input delay                  3.000     3.000    
                                                      0.000     3.000 r  v_data[7] (IN)
                         net (fo=21, unset)           0.973     3.973    v_data[7]
                         DSP48E1 (Prop_dsp48e1_B[17]_PCOUT[47])
                                                      3.851     7.824 r  p_1_out/PCOUT[47]
                         net (fo=1, unplaced)         0.055     7.879    p_1_out_n_106
                         DSP48E1 (Prop_dsp48e1_PCIN[47]_P[0])
                                                      1.518     9.397 r  p_1_out__0/P[0]
                         net (fo=3, unplaced)         0.800    10.197    p_0_in[17]
                         LUT6 (Prop_lut6_I5_O)        0.124    10.321 r  output_row[1][19]_i_5/O
                         net (fo=1, unplaced)         0.000    10.321    output_row[1][19]_i_5_n_0
                         CARRY4 (Prop_carry4_S[1]_O[3])
                                                      0.643    10.964 r  output_row_reg[1][19]_i_2/O[3]
                         net (fo=2, unplaced)         0.629    11.593    data1[19]
                         LUT2 (Prop_lut2_I1_O)        0.307    11.900 r  output_row[1][19]_i_1/O
                         net (fo=63, unplaced)        0.000    11.900    output_row[1][19]_i_1_n_0
                         FDCE                                         r  output_row_reg[17][19]/D
  -------------------------------------------------------------------    -------------------

                         (clock clk rise edge)       10.000    10.000 r  
                                                      0.000    10.000 r  clk (IN)
                         net (fo=1523, unset)         0.924    10.924    clk
                         FDCE                                         r  output_row_reg[17][19]/C
                         clock pessimism              0.000    10.924    
                         clock uncertainty           -0.235    10.689    
                         FDCE (Setup_fdce_C_D)        0.077    10.766    output_row_reg[17][19]
  -------------------------------------------------------------------
                         required time                         10.766    
                         arrival time                         -11.900    
  -------------------------------------------------------------------
                         slack                                 -1.134    





Min Delay Paths
--------------------------------------------------------------------------------------
Slack (MET) :             0.062ns  (arrival time - required time)
  Source:                 softmax_inst/element_idx_reg[0]/C
                            (rising edge-triggered cell FDCE clocked by clk  {rise@0.000ns fall@5.000ns period=10.000ns})
  Destination:            softmax_inst/element_idx_reg[0]/D
                            (rising edge-triggered cell FDCE clocked by clk  {rise@0.000ns fall@5.000ns period=10.000ns})
  Path Group:             clk
  Path Type:              Hold (Min at Fast Process Corner)
  Requirement:            0.000ns  (clk rise@0.000ns - clk rise@0.000ns)
  Data Path Delay:        0.403ns  (logic 0.262ns (64.979%)  route 0.141ns (35.021%))
  Logic Levels:           1  (LUT4=1)
  Clock Path Skew:        0.022ns (DCD - SCD - CPR)
    Destination Clock Delay (DCD):    0.432ns
    Source Clock Delay      (SCD):    0.410ns
    Clock Pessimism Removal (CPR):    -0.000ns
  Clock Uncertainty:      0.200ns  ((TSJ^2 + TIJ^2)^1/2 + DJ) / 2 + PE + UU
    Total System Jitter     (TSJ):    0.000ns
    Total Input Jitter      (TIJ):    0.000ns
    Discrete Jitter          (DJ):    0.000ns
    Phase Error              (PE):    0.000ns
    User Uncertainty         (UU):    0.200ns

    Location             Delay type                Incr(ns)  Path(ns)    Netlist Resource(s)
  -------------------------------------------------------------------    -------------------
                         (clock clk rise edge)        0.000     0.000 r  
                                                      0.000     0.000 r  clk (IN)
                         net (fo=1523, unset)         0.410     0.410    softmax_inst/clk
                         FDCE                                         r  softmax_inst/element_idx_reg[0]/C
  -------------------------------------------------------------------    -------------------
                         FDCE (Prop_fdce_C_Q)         0.164     0.574 f  softmax_inst/element_idx_reg[0]/Q
                         net (fo=4, unplaced)         0.141     0.715    softmax_inst/element_idx_reg_n_0_[0]
                         LUT4 (Prop_lut4_I3_O)        0.098     0.813 r  softmax_inst/element_idx[0]_i_1/O
                         net (fo=1, unplaced)         0.000     0.813    softmax_inst/element_idx[0]
                         FDCE                                         r  softmax_inst/element_idx_reg[0]/D
  -------------------------------------------------------------------    -------------------

                         (clock clk rise edge)        0.000     0.000 r  
                                                      0.000     0.000 r  clk (IN)
                         net (fo=1523, unset)         0.432     0.432    softmax_inst/clk
                         FDCE                                         r  softmax_inst/element_idx_reg[0]/C
                         clock pessimism              0.000     0.432    
                         clock uncertainty            0.200     0.632    
                         FDCE (Hold_fdce_C_D)         0.120     0.752    softmax_inst/element_idx_reg[0]
  -------------------------------------------------------------------
                         required time                         -0.752    
                         arrival time                           0.813    
  -------------------------------------------------------------------
                         slack                                  0.062    

Slack (MET) :             0.062ns  (arrival time - required time)
  Source:                 softmax_inst/element_idx_reg[0]/C
                            (rising edge-triggered cell FDCE clocked by clk  {rise@0.000ns fall@5.000ns period=10.000ns})
  Destination:            softmax_inst/element_idx_reg[2]/D
                            (rising edge-triggered cell FDCE clocked by clk  {rise@0.000ns fall@5.000ns period=10.000ns})
  Path Group:             clk
  Path Type:              Hold (Min at Fast Process Corner)
  Requirement:            0.000ns  (clk rise@0.000ns - clk rise@0.000ns)
  Data Path Delay:        0.403ns  (logic 0.262ns (64.979%)  route 0.141ns (35.021%))
  Logic Levels:           1  (LUT6=1)
  Clock Path Skew:        0.022ns (DCD - SCD - CPR)
    Destination Clock Delay (DCD):    0.432ns
    Source Clock Delay      (SCD):    0.410ns
    Clock Pessimism Removal (CPR):    -0.000ns
  Clock Uncertainty:      0.200ns  ((TSJ^2 + TIJ^2)^1/2 + DJ) / 2 + PE + UU
    Total System Jitter     (TSJ):    0.000ns
    Total Input Jitter      (TIJ):    0.000ns
    Discrete Jitter          (DJ):    0.000ns
    Phase Error              (PE):    0.000ns
    User Uncertainty         (UU):    0.200ns

    Location             Delay type                Incr(ns)  Path(ns)    Netlist Resource(s)
  -------------------------------------------------------------------    -------------------
                         (clock clk rise edge)        0.000     0.000 r  
                                                      0.000     0.000 r  clk (IN)
                         net (fo=1523, unset)         0.410     0.410    softmax_inst/clk
                         FDCE                                         r  softmax_inst/element_idx_reg[0]/C
  -------------------------------------------------------------------    -------------------
                         FDCE (Prop_fdce_C_Q)         0.164     0.574 r  softmax_inst/element_idx_reg[0]/Q
                         net (fo=4, unplaced)         0.141     0.715    softmax_inst/element_idx_reg_n_0_[0]
                         LUT6 (Prop_lut6_I5_O)        0.098     0.813 r  softmax_inst/element_idx[2]_i_1/O
                         net (fo=1, unplaced)         0.000     0.813    softmax_inst/element_idx[2]
                         FDCE                                         r  softmax_inst/element_idx_reg[2]/D
  -------------------------------------------------------------------    -------------------

                         (clock clk rise edge)        0.000     0.000 r  
                                                      0.000     0.000 r  clk (IN)
                         net (fo=1523, unset)         0.432     0.432    softmax_inst/clk
                         FDCE                                         r  softmax_inst/element_idx_reg[2]/C
                         clock pessimism              0.000     0.432    
                         clock uncertainty            0.200     0.632    
                         FDCE (Hold_fdce_C_D)         0.120     0.752    softmax_inst/element_idx_reg[2]
  -------------------------------------------------------------------
                         required time                         -0.752    
                         arrival time                           0.813    
  -------------------------------------------------------------------
                         slack                                  0.062    

Slack (MET) :             0.065ns  (arrival time - required time)
  Source:                 softmax_inst/element_idx_reg[0]/C
                            (rising edge-triggered cell FDCE clocked by clk  {rise@0.000ns fall@5.000ns period=10.000ns})
  Destination:            softmax_inst/element_idx_reg[1]/D
                            (rising edge-triggered cell FDCE clocked by clk  {rise@0.000ns fall@5.000ns period=10.000ns})
  Path Group:             clk
  Path Type:              Hold (Min at Fast Process Corner)
  Requirement:            0.000ns  (clk rise@0.000ns - clk rise@0.000ns)
  Data Path Delay:        0.406ns  (logic 0.265ns (65.237%)  route 0.141ns (34.763%))
  Logic Levels:           1  (LUT5=1)
  Clock Path Skew:        0.022ns (DCD - SCD - CPR)
    Destination Clock Delay (DCD):    0.432ns
    Source Clock Delay      (SCD):    0.410ns
    Clock Pessimism Removal (CPR):    -0.000ns
  Clock Uncertainty:      0.200ns  ((TSJ^2 + TIJ^2)^1/2 + DJ) / 2 + PE + UU
    Total System Jitter     (TSJ):    0.000ns
    Total Input Jitter      (TIJ):    0.000ns
    Discrete Jitter          (DJ):    0.000ns
    Phase Error              (PE):    0.000ns
    User Uncertainty         (UU):    0.200ns

    Location             Delay type                Incr(ns)  Path(ns)    Netlist Resource(s)
  -------------------------------------------------------------------    -------------------
                         (clock clk rise edge)        0.000     0.000 r  
                                                      0.000     0.000 r  clk (IN)
                         net (fo=1523, unset)         0.410     0.410    softmax_inst/clk
                         FDCE                                         r  softmax_inst/element_idx_reg[0]/C
  -------------------------------------------------------------------    -------------------
                         FDCE (Prop_fdce_C_Q)         0.164     0.574 r  softmax_inst/element_idx_reg[0]/Q
                         net (fo=4, unplaced)         0.141     0.715    softmax_inst/element_idx_reg_n_0_[0]
                         LUT5 (Prop_lut5_I4_O)        0.101     0.816 r  softmax_inst/element_idx[1]_i_1/O
                         net (fo=1, unplaced)         0.000     0.816    softmax_inst/element_idx[1]
                         FDCE                                         r  softmax_inst/element_idx_reg[1]/D
  -------------------------------------------------------------------    -------------------

                         (clock clk rise edge)        0.000     0.000 r  
                                                      0.000     0.000 r  clk (IN)
                         net (fo=1523, unset)         0.432     0.432    softmax_inst/clk
                         FDCE                                         r  softmax_inst/element_idx_reg[1]/C
                         clock pessimism              0.000     0.432    
                         clock uncertainty            0.200     0.632    
                         FDCE (Hold_fdce_C_D)         0.120     0.752    softmax_inst/element_idx_reg[1]
  -------------------------------------------------------------------
                         required time                         -0.752    
                         arrival time                           0.816    
  -------------------------------------------------------------------
                         slack                                  0.065    

Slack (MET) :             0.065ns  (arrival time - required time)
  Source:                 query_idx_reg[3]/C
                            (rising edge-triggered cell FDCE clocked by clk  {rise@0.000ns fall@5.000ns period=10.000ns})
  Destination:            FSM_onehot_state_reg[0]/D
                            (rising edge-triggered cell FDPE clocked by clk  {rise@0.000ns fall@5.000ns period=10.000ns})
  Path Group:             clk
  Path Type:              Hold (Min at Fast Process Corner)
  Requirement:            0.000ns  (clk rise@0.000ns - clk rise@0.000ns)
  Data Path Delay:        0.407ns  (logic 0.262ns (64.440%)  route 0.145ns (35.560%))
  Logic Levels:           1  (LUT5=1)
  Clock Path Skew:        0.022ns (DCD - SCD - CPR)
    Destination Clock Delay (DCD):    0.432ns
    Source Clock Delay      (SCD):    0.410ns
    Clock Pessimism Removal (CPR):    -0.000ns
  Clock Uncertainty:      0.200ns  ((TSJ^2 + TIJ^2)^1/2 + DJ) / 2 + PE + UU
    Total System Jitter     (TSJ):    0.000ns
    Total Input Jitter      (TIJ):    0.000ns
    Discrete Jitter          (DJ):    0.000ns
    Phase Error              (PE):    0.000ns
    User Uncertainty         (UU):    0.200ns

    Location             Delay type                Incr(ns)  Path(ns)    Netlist Resource(s)
  -------------------------------------------------------------------    -------------------
                         (clock clk rise edge)        0.000     0.000 r  
                                                      0.000     0.000 r  clk (IN)
                         net (fo=1523, unset)         0.410     0.410    clk
                         FDCE                                         r  query_idx_reg[3]/C
  -------------------------------------------------------------------    -------------------
                         FDCE (Prop_fdce_C_Q)         0.164     0.574 f  query_idx_reg[3]/Q
                         net (fo=6, unplaced)         0.145     0.719    query_idx_reg_n_0_[3]
                         LUT5 (Prop_lut5_I4_O)        0.098     0.817 r  FSM_onehot_state[0]_i_1/O
                         net (fo=3, unplaced)         0.000     0.817    FSM_onehot_state[0]_i_1_n_0
                         FDPE                                         r  FSM_onehot_state_reg[0]/D
  -------------------------------------------------------------------    -------------------

                         (clock clk rise edge)        0.000     0.000 r  
                                                      0.000     0.000 r  clk (IN)
                         net (fo=1523, unset)         0.432     0.432    clk
                         FDPE                                         r  FSM_onehot_state_reg[0]/C
                         clock pessimism              0.000     0.432    
                         clock uncertainty            0.200     0.632    
                         FDPE (Hold_fdpe_C_D)         0.120     0.752    FSM_onehot_state_reg[0]
  -------------------------------------------------------------------
                         required time                         -0.752    
                         arrival time                           0.817    
  -------------------------------------------------------------------
                         slack                                  0.065    

Slack (MET) :             0.068ns  (arrival time - required time)
  Source:                 key_idx_reg[3]/C
                            (rising edge-triggered cell FDCE clocked by clk  {rise@0.000ns fall@5.000ns period=10.000ns})
  Destination:            FSM_onehot_state_reg[11]/D
                            (rising edge-triggered cell FDCE clocked by clk  {rise@0.000ns fall@5.000ns period=10.000ns})
  Path Group:             clk
  Path Type:              Hold (Min at Fast Process Corner)
  Requirement:            0.000ns  (clk rise@0.000ns - clk rise@0.000ns)
  Data Path Delay:        0.409ns  (logic 0.262ns (64.041%)  route 0.147ns (35.959%))
  Logic Levels:           1  (LUT5=1)
  Clock Path Skew:        0.022ns (DCD - SCD - CPR)
    Destination Clock Delay (DCD):    0.432ns
    Source Clock Delay      (SCD):    0.410ns
    Clock Pessimism Removal (CPR):    -0.000ns
  Clock Uncertainty:      0.200ns  ((TSJ^2 + TIJ^2)^1/2 + DJ) / 2 + PE + UU
    Total System Jitter     (TSJ):    0.000ns
    Total Input Jitter      (TIJ):    0.000ns
    Discrete Jitter          (DJ):    0.000ns
    Phase Error              (PE):    0.000ns
    User Uncertainty         (UU):    0.200ns

    Location             Delay type                Incr(ns)  Path(ns)    Netlist Resource(s)
  -------------------------------------------------------------------    -------------------
                         (clock clk rise edge)        0.000     0.000 r  
                                                      0.000     0.000 r  clk (IN)
                         net (fo=1523, unset)         0.410     0.410    clk
                         FDCE                                         r  key_idx_reg[3]/C
  -------------------------------------------------------------------    -------------------
                         FDCE (Prop_fdce_C_Q)         0.164     0.574 f  key_idx_reg[3]/Q
                         net (fo=8, unplaced)         0.147     0.721    key_idx_reg_n_0_[3]
                         LUT5 (Prop_lut5_I4_O)        0.098     0.819 r  FSM_onehot_state[11]_i_1/O
                         net (fo=1, unplaced)         0.000     0.819    FSM_onehot_state[11]_i_1_n_0
                         FDCE                                         r  FSM_onehot_state_reg[11]/D
  -------------------------------------------------------------------    -------------------

                         (clock clk rise edge)        0.000     0.000 r  
                                                      0.000     0.000 r  clk (IN)
                         net (fo=1523, unset)         0.432     0.432    clk
                         FDCE                                         r  FSM_onehot_state_reg[11]/C
                         clock pessimism              0.000     0.432    
                         clock uncertainty            0.200     0.632    
                         FDCE (Hold_fdce_C_D)         0.120     0.752    FSM_onehot_state_reg[11]
  -------------------------------------------------------------------
                         required time                         -0.752    
                         arrival time                           0.819    
  -------------------------------------------------------------------
                         slack                                  0.068    

Slack (MET) :             0.068ns  (arrival time - required time)
  Source:                 FSM_onehot_state_reg[5]/C
                            (rising edge-triggered cell FDCE clocked by clk  {rise@0.000ns fall@5.000ns period=10.000ns})
  Destination:            FSM_onehot_state_reg[3]/D
                            (rising edge-triggered cell FDCE clocked by clk  {rise@0.000ns fall@5.000ns period=10.000ns})
  Path Group:             clk
  Path Type:              Hold (Min at Fast Process Corner)
  Requirement:            0.000ns  (clk rise@0.000ns - clk rise@0.000ns)
  Data Path Delay:        0.409ns  (logic 0.262ns (64.041%)  route 0.147ns (35.959%))
  Logic Levels:           1  (LUT6=1)
  Clock Path Skew:        0.022ns (DCD - SCD - CPR)
    Destination Clock Delay (DCD):    0.432ns
    Source Clock Delay      (SCD):    0.410ns
    Clock Pessimism Removal (CPR):    -0.000ns
  Clock Uncertainty:      0.200ns  ((TSJ^2 + TIJ^2)^1/2 + DJ) / 2 + PE + UU
    Total System Jitter     (TSJ):    0.000ns
    Total Input Jitter      (TIJ):    0.000ns
    Discrete Jitter          (DJ):    0.000ns
    Phase Error              (PE):    0.000ns
    User Uncertainty         (UU):    0.200ns

    Location             Delay type                Incr(ns)  Path(ns)    Netlist Resource(s)
  -------------------------------------------------------------------    -------------------
                         (clock clk rise edge)        0.000     0.000 r  
                                                      0.000     0.000 r  clk (IN)
                         net (fo=1523, unset)         0.410     0.410    clk
                         FDCE                                         r  FSM_onehot_state_reg[5]/C
  -------------------------------------------------------------------    -------------------
                         FDCE (Prop_fdce_C_Q)         0.164     0.574 r  FSM_onehot_state_reg[5]/Q
                         net (fo=8, unplaced)         0.147     0.721    FSM_onehot_state_reg_n_0_[5]
                         LUT6 (Prop_lut6_I5_O)        0.098     0.819 r  FSM_onehot_state[3]_i_1/O
                         net (fo=1, unplaced)         0.000     0.819    FSM_onehot_state[3]_i_1_n_0
                         FDCE                                         r  FSM_onehot_state_reg[3]/D
  -------------------------------------------------------------------    -------------------

                         (clock clk rise edge)        0.000     0.000 r  
                                                      0.000     0.000 r  clk (IN)
                         net (fo=1523, unset)         0.432     0.432    clk
                         FDCE                                         r  FSM_onehot_state_reg[3]/C
                         clock pessimism              0.000     0.432    
                         clock uncertainty            0.200     0.632    
                         FDCE (Hold_fdce_C_D)         0.120     0.752    FSM_onehot_state_reg[3]
  -------------------------------------------------------------------
                         required time                         -0.752    
                         arrival time                           0.819    
  -------------------------------------------------------------------
                         slack                                  0.068    

Slack (MET) :             0.068ns  (arrival time - required time)
  Source:                 key_idx_reg[3]/C
                            (rising edge-triggered cell FDCE clocked by clk  {rise@0.000ns fall@5.000ns period=10.000ns})
  Destination:            FSM_onehot_state_reg[6]/D
                            (rising edge-triggered cell FDCE clocked by clk  {rise@0.000ns fall@5.000ns period=10.000ns})
  Path Group:             clk
  Path Type:              Hold (Min at Fast Process Corner)
  Requirement:            0.000ns  (clk rise@0.000ns - clk rise@0.000ns)
  Data Path Delay:        0.409ns  (logic 0.262ns (64.041%)  route 0.147ns (35.959%))
  Logic Levels:           1  (LUT5=1)
  Clock Path Skew:        0.022ns (DCD - SCD - CPR)
    Destination Clock Delay (DCD):    0.432ns
    Source Clock Delay      (SCD):    0.410ns
    Clock Pessimism Removal (CPR):    -0.000ns
  Clock Uncertainty:      0.200ns  ((TSJ^2 + TIJ^2)^1/2 + DJ) / 2 + PE + UU
    Total System Jitter     (TSJ):    0.000ns
    Total Input Jitter      (TIJ):    0.000ns
    Discrete Jitter          (DJ):    0.000ns
    Phase Error              (PE):    0.000ns
    User Uncertainty         (UU):    0.200ns

    Location             Delay type                Incr(ns)  Path(ns)    Netlist Resource(s)
  -------------------------------------------------------------------    -------------------
                         (clock clk rise edge)        0.000     0.000 r  
                                                      0.000     0.000 r  clk (IN)
                         net (fo=1523, unset)         0.410     0.410    clk
                         FDCE                                         r  key_idx_reg[3]/C
  -------------------------------------------------------------------    -------------------
                         FDCE (Prop_fdce_C_Q)         0.164     0.574 f  key_idx_reg[3]/Q
                         net (fo=8, unplaced)         0.147     0.721    key_idx_reg_n_0_[3]
                         LUT5 (Prop_lut5_I4_O)        0.098     0.819 r  FSM_onehot_state[6]_i_1/O
                         net (fo=1, unplaced)         0.000     0.819    FSM_onehot_state[6]_i_1_n_0
                         FDCE                                         r  FSM_onehot_state_reg[6]/D
  -------------------------------------------------------------------    -------------------

                         (clock clk rise edge)        0.000     0.000 r  
                                                      0.000     0.000 r  clk (IN)
                         net (fo=1523, unset)         0.432     0.432    clk
                         FDCE                                         r  FSM_onehot_state_reg[6]/C
                         clock pessimism              0.000     0.432    
                         clock uncertainty            0.200     0.632    
                         FDCE (Hold_fdce_C_D)         0.120     0.752    FSM_onehot_state_reg[6]
  -------------------------------------------------------------------
                         required time                         -0.752    
                         arrival time                           0.819    
  -------------------------------------------------------------------
                         slack                                  0.068    

Slack (MET) :             0.068ns  (arrival time - required time)
  Source:                 FSM_onehot_state_reg[10]/C
                            (rising edge-triggered cell FDCE clocked by clk  {rise@0.000ns fall@5.000ns period=10.000ns})
  Destination:            FSM_onehot_state_reg[8]/D
                            (rising edge-triggered cell FDCE clocked by clk  {rise@0.000ns fall@5.000ns period=10.000ns})
  Path Group:             clk
  Path Type:              Hold (Min at Fast Process Corner)
  Requirement:            0.000ns  (clk rise@0.000ns - clk rise@0.000ns)
  Data Path Delay:        0.409ns  (logic 0.262ns (64.041%)  route 0.147ns (35.959%))
  Logic Levels:           1  (LUT6=1)
  Clock Path Skew:        0.022ns (DCD - SCD - CPR)
    Destination Clock Delay (DCD):    0.432ns
    Source Clock Delay      (SCD):    0.410ns
    Clock Pessimism Removal (CPR):    -0.000ns
  Clock Uncertainty:      0.200ns  ((TSJ^2 + TIJ^2)^1/2 + DJ) / 2 + PE + UU
    Total System Jitter     (TSJ):    0.000ns
    Total Input Jitter      (TIJ):    0.000ns
    Discrete Jitter          (DJ):    0.000ns
    Phase Error              (PE):    0.000ns
    User Uncertainty         (UU):    0.200ns

    Location             Delay type                Incr(ns)  Path(ns)    Netlist Resource(s)
  -------------------------------------------------------------------    -------------------
                         (clock clk rise edge)        0.000     0.000 r  
                                                      0.000     0.000 r  clk (IN)
                         net (fo=1523, unset)         0.410     0.410    clk
                         FDCE                                         r  FSM_onehot_state_reg[10]/C
  -------------------------------------------------------------------    -------------------
                         FDCE (Prop_fdce_C_Q)         0.164     0.574 r  FSM_onehot_state_reg[10]/Q
                         net (fo=8, unplaced)         0.147     0.721    FSM_onehot_state_reg_n_0_[10]
                         LUT6 (Prop_lut6_I5_O)        0.098     0.819 r  FSM_onehot_state[8]_i_1/O
                         net (fo=1, unplaced)         0.000     0.819    FSM_onehot_state[8]_i_1_n_0
                         FDCE                                         r  FSM_onehot_state_reg[8]/D
  -------------------------------------------------------------------    -------------------

                         (clock clk rise edge)        0.000     0.000 r  
                                                      0.000     0.000 r  clk (IN)
                         net (fo=1523, unset)         0.432     0.432    clk
                         FDCE                                         r  FSM_onehot_state_reg[8]/C
                         clock pessimism              0.000     0.432    
                         clock uncertainty            0.200     0.632    
                         FDCE (Hold_fdce_C_D)         0.120     0.752    FSM_onehot_state_reg[8]
  -------------------------------------------------------------------
                         required time                         -0.752    
                         arrival time                           0.819    
  -------------------------------------------------------------------
                         slack                                  0.068    

Slack (MET) :             0.068ns  (arrival time - required time)
  Source:                 key_idx_reg[3]/C
                            (rising edge-triggered cell FDCE clocked by clk  {rise@0.000ns fall@5.000ns period=10.000ns})
  Destination:            key_idx_reg[3]/D
                            (rising edge-triggered cell FDCE clocked by clk  {rise@0.000ns fall@5.000ns period=10.000ns})
  Path Group:             clk
  Path Type:              Hold (Min at Fast Process Corner)
  Requirement:            0.000ns  (clk rise@0.000ns - clk rise@0.000ns)
  Data Path Delay:        0.409ns  (logic 0.262ns (64.041%)  route 0.147ns (35.959%))
  Logic Levels:           1  (LUT6=1)
  Clock Path Skew:        0.022ns (DCD - SCD - CPR)
    Destination Clock Delay (DCD):    0.432ns
    Source Clock Delay      (SCD):    0.410ns
    Clock Pessimism Removal (CPR):    -0.000ns
  Clock Uncertainty:      0.200ns  ((TSJ^2 + TIJ^2)^1/2 + DJ) / 2 + PE + UU
    Total System Jitter     (TSJ):    0.000ns
    Total Input Jitter      (TIJ):    0.000ns
    Discrete Jitter          (DJ):    0.000ns
    Phase Error              (PE):    0.000ns
    User Uncertainty         (UU):    0.200ns

    Location             Delay type                Incr(ns)  Path(ns)    Netlist Resource(s)
  -------------------------------------------------------------------    -------------------
                         (clock clk rise edge)        0.000     0.000 r  
                                                      0.000     0.000 r  clk (IN)
                         net (fo=1523, unset)         0.410     0.410    clk
                         FDCE                                         r  key_idx_reg[3]/C
  -------------------------------------------------------------------    -------------------
                         FDCE (Prop_fdce_C_Q)         0.164     0.574 r  key_idx_reg[3]/Q
                         net (fo=8, unplaced)         0.147     0.721    key_idx_reg_n_0_[3]
                         LUT6 (Prop_lut6_I5_O)        0.098     0.819 r  key_idx[3]_i_2/O
                         net (fo=1, unplaced)         0.000     0.819    key_idx[3]
                         FDCE                                         r  key_idx_reg[3]/D
  -------------------------------------------------------------------    -------------------

                         (clock clk rise edge)        0.000     0.000 r  
                                                      0.000     0.000 r  clk (IN)
                         net (fo=1523, unset)         0.432     0.432    clk
                         FDCE                                         r  key_idx_reg[3]/C
                         clock pessimism              0.000     0.432    
                         clock uncertainty            0.200     0.632    
                         FDCE (Hold_fdce_C_D)         0.120     0.752    key_idx_reg[3]
  -------------------------------------------------------------------
                         required time                         -0.752    
                         arrival time                           0.819    
  -------------------------------------------------------------------
                         slack                                  0.068    

Slack (MET) :             0.068ns  (arrival time - required time)
  Source:                 query_idx_reg[3]/C
                            (rising edge-triggered cell FDCE clocked by clk  {rise@0.000ns fall@5.000ns period=10.000ns})
  Destination:            query_idx_reg[3]/D
                            (rising edge-triggered cell FDCE clocked by clk  {rise@0.000ns fall@5.000ns period=10.000ns})
  Path Group:             clk
  Path Type:              Hold (Min at Fast Process Corner)
  Requirement:            0.000ns  (clk rise@0.000ns - clk rise@0.000ns)
  Data Path Delay:        0.410ns  (logic 0.265ns (64.700%)  route 0.145ns (35.300%))
  Logic Levels:           1  (LUT5=1)
  Clock Path Skew:        0.022ns (DCD - SCD - CPR)
    Destination Clock Delay (DCD):    0.432ns
    Source Clock Delay      (SCD):    0.410ns
    Clock Pessimism Removal (CPR):    -0.000ns
  Clock Uncertainty:      0.200ns  ((TSJ^2 + TIJ^2)^1/2 + DJ) / 2 + PE + UU
    Total System Jitter     (TSJ):    0.000ns
    Total Input Jitter      (TIJ):    0.000ns
    Discrete Jitter          (DJ):    0.000ns
    Phase Error              (PE):    0.000ns
    User Uncertainty         (UU):    0.200ns

    Location             Delay type                Incr(ns)  Path(ns)    Netlist Resource(s)
  -------------------------------------------------------------------    -------------------
                         (clock clk rise edge)        0.000     0.000 r  
                                                      0.000     0.000 r  clk (IN)
                         net (fo=1523, unset)         0.410     0.410    clk
                         FDCE                                         r  query_idx_reg[3]/C
  -------------------------------------------------------------------    -------------------
                         FDCE (Prop_fdce_C_Q)         0.164     0.574 r  query_idx_reg[3]/Q
                         net (fo=6, unplaced)         0.145     0.719    query_idx_reg_n_0_[3]
                         LUT5 (Prop_lut5_I4_O)        0.101     0.820 r  query_idx[3]_i_2/O
                         net (fo=1, unplaced)         0.000     0.820    query_idx[3]
                         FDCE                                         r  query_idx_reg[3]/D
  -------------------------------------------------------------------    -------------------

                         (clock clk rise edge)        0.000     0.000 r  
                                                      0.000     0.000 r  clk (IN)
                         net (fo=1523, unset)         0.432     0.432    clk
                         FDCE                                         r  query_idx_reg[3]/C
                         clock pessimism              0.000     0.432    
                         clock uncertainty            0.200     0.632    
                         FDCE (Hold_fdce_C_D)         0.120     0.752    query_idx_reg[3]
  -------------------------------------------------------------------
                         required time                         -0.752    
                         arrival time                           0.820    
  -------------------------------------------------------------------
                         slack                                  0.068    





Pulse Width Checks
--------------------------------------------------------------------------------------
Clock Name:         clk
Waveform(ns):       { 0.000 5.000 }
Period(ns):         10.000
Sources:            { clk }

Check Type        Corner  Lib Pin  Reference Pin  Required(ns)  Actual(ns)  Slack(ns)  Location  Pin
Min Period        n/a     FDPE/C   n/a            1.000         10.000      9.000                FSM_onehot_state_reg[0]/C
Min Period        n/a     FDCE/C   n/a            1.000         10.000      9.000                FSM_onehot_state_reg[10]/C
Min Period        n/a     FDCE/C   n/a            1.000         10.000      9.000                FSM_onehot_state_reg[11]/C
Min Period        n/a     FDCE/C   n/a            1.000         10.000      9.000                FSM_onehot_state_reg[12]/C
Min Period        n/a     FDCE/C   n/a            1.000         10.000      9.000                FSM_onehot_state_reg[13]/C
Min Period        n/a     FDCE/C   n/a            1.000         10.000      9.000                FSM_onehot_state_reg[1]/C
Min Period        n/a     FDCE/C   n/a            1.000         10.000      9.000                FSM_onehot_state_reg[2]/C
Min Period        n/a     FDCE/C   n/a            1.000         10.000      9.000                FSM_onehot_state_reg[3]/C
Min Period        n/a     FDCE/C   n/a            1.000         10.000      9.000                FSM_onehot_state_reg[4]/C
Min Period        n/a     FDCE/C   n/a            1.000         10.000      9.000                FSM_onehot_state_reg[5]/C
Low Pulse Width   Slow    FDPE/C   n/a            0.500         5.000       4.500                FSM_onehot_state_reg[0]/C
Low Pulse Width   Fast    FDPE/C   n/a            0.500         5.000       4.500                FSM_onehot_state_reg[0]/C
Low Pulse Width   Slow    FDCE/C   n/a            0.500         5.000       4.500                FSM_onehot_state_reg[10]/C
Low Pulse Width   Fast    FDCE/C   n/a            0.500         5.000       4.500                FSM_onehot_state_reg[10]/C
Low Pulse Width   Slow    FDCE/C   n/a            0.500         5.000       4.500                FSM_onehot_state_reg[11]/C
Low Pulse Width   Fast    FDCE/C   n/a            0.500         5.000       4.500                FSM_onehot_state_reg[11]/C
Low Pulse Width   Slow    FDCE/C   n/a            0.500         5.000       4.500                FSM_onehot_state_reg[12]/C
Low Pulse Width   Fast    FDCE/C   n/a            0.500         5.000       4.500                FSM_onehot_state_reg[12]/C
Low Pulse Width   Slow    FDCE/C   n/a            0.500         5.000       4.500                FSM_onehot_state_reg[13]/C
Low Pulse Width   Fast    FDCE/C   n/a            0.500         5.000       4.500                FSM_onehot_state_reg[13]/C
High Pulse Width  Slow    FDPE/C   n/a            0.500         5.000       4.500                FSM_onehot_state_reg[0]/C
High Pulse Width  Fast    FDPE/C   n/a            0.500         5.000       4.500                FSM_onehot_state_reg[0]/C
High Pulse Width  Slow    FDCE/C   n/a            0.500         5.000       4.500                FSM_onehot_state_reg[10]/C
High Pulse Width  Fast    FDCE/C   n/a            0.500         5.000       4.500                FSM_onehot_state_reg[10]/C
High Pulse Width  Slow    FDCE/C   n/a            0.500         5.000       4.500                FSM_onehot_state_reg[11]/C
High Pulse Width  Fast    FDCE/C   n/a            0.500         5.000       4.500                FSM_onehot_state_reg[11]/C
High Pulse Width  Slow    FDCE/C   n/a            0.500         5.000       4.500                FSM_onehot_state_reg[12]/C
High Pulse Width  Fast    FDCE/C   n/a            0.500         5.000       4.500                FSM_onehot_state_reg[12]/C
High Pulse Width  Slow    FDCE/C   n/a            0.500         5.000       4.500                FSM_onehot_state_reg[13]/C
High Pulse Width  Fast    FDCE/C   n/a            0.500         5.000       4.500                FSM_onehot_state_reg[13]/C



---------------------------------------------------------------------------------------------------
Path Group:  **async_default**
From Clock:  clk
  To Clock:  clk

Setup :            0  Failing Endpoints,  Worst Slack        5.315ns,  Total Violation        0.000ns
Hold  :            0  Failing Endpoints,  Worst Slack        1.241ns,  Total Violation        0.000ns
---------------------------------------------------------------------------------------------------


Max Delay Paths
--------------------------------------------------------------------------------------
Slack (MET) :             5.315ns  (required time - arrival time)
  Source:                 rst_n
                            (input port clocked by clk  {rise@0.000ns fall@5.000ns period=10.000ns})
  Destination:            FSM_onehot_state_reg[0]/PRE
                            (recovery check against rising-edge clock clk  {rise@0.000ns fall@5.000ns period=10.000ns})
  Path Group:             **async_default**
  Path Type:              Recovery (Max at Slow Process Corner)
  Requirement:            10.000ns  (clk rise@10.000ns - clk rise@0.000ns)
  Data Path Delay:        2.013ns  (logic 0.124ns (6.160%)  route 1.889ns (93.840%))
  Logic Levels:           1  (LUT1=1)
  Input Delay:            3.000ns
  Clock Path Skew:        0.924ns (DCD - SCD + CPR)
    Destination Clock Delay (DCD):    0.924ns = ( 10.924 - 10.000 ) 
    Source Clock Delay      (SCD):    0.000ns
    Clock Pessimism Removal (CPR):    0.000ns
  Clock Uncertainty:      0.235ns  ((TSJ^2 + TIJ^2)^1/2 + DJ) / 2 + PE + UU
    Total System Jitter     (TSJ):    0.071ns
    Total Input Jitter      (TIJ):    0.000ns
    Discrete Jitter          (DJ):    0.000ns
    Phase Error              (PE):    0.000ns
    User Uncertainty         (UU):    0.200ns

    Location             Delay type                Incr(ns)  Path(ns)    Netlist Resource(s)
  -------------------------------------------------------------------    -------------------
                         (clock clk rise edge)        0.000     0.000 r  
                         input delay                  3.000     3.000    
                                                      0.000     3.000 r  rst_n (IN)
                         net (fo=0)                   0.973     3.973    softmax_inst/rst_n
                         LUT1 (Prop_lut1_I0_O)        0.124     4.097 f  softmax_inst/done_i_2/O
                         net (fo=1524, unplaced)      0.916     5.013    softmax_inst_n_70
                         FDPE                                         f  FSM_onehot_state_reg[0]/PRE
  -------------------------------------------------------------------    -------------------

                         (clock clk rise edge)       10.000    10.000 r  
                                                      0.000    10.000 r  clk (IN)
                         net (fo=1523, unset)         0.924    10.924    clk
                         FDPE                                         r  FSM_onehot_state_reg[0]/C
                         clock pessimism              0.000    10.924    
                         clock uncertainty           -0.235    10.689    
                         FDPE (Recov_fdpe_C_PRE)     -0.361    10.328    FSM_onehot_state_reg[0]
  -------------------------------------------------------------------
                         required time                         10.328    
                         arrival time                          -5.013    
  -------------------------------------------------------------------
                         slack                                  5.315    

Slack (MET) :             5.357ns  (required time - arrival time)
  Source:                 rst_n
                            (input port clocked by clk  {rise@0.000ns fall@5.000ns period=10.000ns})
  Destination:            FSM_onehot_state_reg[10]/CLR
                            (recovery check against rising-edge clock clk  {rise@0.000ns fall@5.000ns period=10.000ns})
  Path Group:             **async_default**
  Path Type:              Recovery (Max at Slow Process Corner)
  Requirement:            10.000ns  (clk rise@10.000ns - clk rise@0.000ns)
  Data Path Delay:        2.013ns  (logic 0.124ns (6.160%)  route 1.889ns (93.840%))
  Logic Levels:           1  (LUT1=1)
  Input Delay:            3.000ns
  Clock Path Skew:        0.924ns (DCD - SCD + CPR)
    Destination Clock Delay (DCD):    0.924ns = ( 10.924 - 10.000 ) 
    Source Clock Delay      (SCD):    0.000ns
    Clock Pessimism Removal (CPR):    0.000ns
  Clock Uncertainty:      0.235ns  ((TSJ^2 + TIJ^2)^1/2 + DJ) / 2 + PE + UU
    Total System Jitter     (TSJ):    0.071ns
    Total Input Jitter      (TIJ):    0.000ns
    Discrete Jitter          (DJ):    0.000ns
    Phase Error              (PE):    0.000ns
    User Uncertainty         (UU):    0.200ns

    Location             Delay type                Incr(ns)  Path(ns)    Netlist Resource(s)
  -------------------------------------------------------------------    -------------------
                         (clock clk rise edge)        0.000     0.000 r  
                         input delay                  3.000     3.000    
                                                      0.000     3.000 r  rst_n (IN)
                         net (fo=0)                   0.973     3.973    softmax_inst/rst_n
                         LUT1 (Prop_lut1_I0_O)        0.124     4.097 f  softmax_inst/done_i_2/O
                         net (fo=1524, unplaced)      0.916     5.013    softmax_inst_n_70
                         FDCE                                         f  FSM_onehot_state_reg[10]/CLR
  -------------------------------------------------------------------    -------------------

                         (clock clk rise edge)       10.000    10.000 r  
                                                      0.000    10.000 r  clk (IN)
                         net (fo=1523, unset)         0.924    10.924    clk
                         FDCE                                         r  FSM_onehot_state_reg[10]/C
                         clock pessimism              0.000    10.924    
                         clock uncertainty           -0.235    10.689    
                         FDCE (Recov_fdce_C_CLR)     -0.319    10.370    FSM_onehot_state_reg[10]
  -------------------------------------------------------------------
                         required time                         10.370    
                         arrival time                          -5.013    
  -------------------------------------------------------------------
                         slack                                  5.357    

Slack (MET) :             5.357ns  (required time - arrival time)
  Source:                 rst_n
                            (input port clocked by clk  {rise@0.000ns fall@5.000ns period=10.000ns})
  Destination:            FSM_onehot_state_reg[11]/CLR
                            (recovery check against rising-edge clock clk  {rise@0.000ns fall@5.000ns period=10.000ns})
  Path Group:             **async_default**
  Path Type:              Recovery (Max at Slow Process Corner)
  Requirement:            10.000ns  (clk rise@10.000ns - clk rise@0.000ns)
  Data Path Delay:        2.013ns  (logic 0.124ns (6.160%)  route 1.889ns (93.840%))
  Logic Levels:           1  (LUT1=1)
  Input Delay:            3.000ns
  Clock Path Skew:        0.924ns (DCD - SCD + CPR)
    Destination Clock Delay (DCD):    0.924ns = ( 10.924 - 10.000 ) 
    Source Clock Delay      (SCD):    0.000ns
    Clock Pessimism Removal (CPR):    0.000ns
  Clock Uncertainty:      0.235ns  ((TSJ^2 + TIJ^2)^1/2 + DJ) / 2 + PE + UU
    Total System Jitter     (TSJ):    0.071ns
    Total Input Jitter      (TIJ):    0.000ns
    Discrete Jitter          (DJ):    0.000ns
    Phase Error              (PE):    0.000ns
    User Uncertainty         (UU):    0.200ns

    Location             Delay type                Incr(ns)  Path(ns)    Netlist Resource(s)
  -------------------------------------------------------------------    -------------------
                         (clock clk rise edge)        0.000     0.000 r  
                         input delay                  3.000     3.000    
                                                      0.000     3.000 r  rst_n (IN)
                         net (fo=0)                   0.973     3.973    softmax_inst/rst_n
                         LUT1 (Prop_lut1_I0_O)        0.124     4.097 f  softmax_inst/done_i_2/O
                         net (fo=1524, unplaced)      0.916     5.013    softmax_inst_n_70
                         FDCE                                         f  FSM_onehot_state_reg[11]/CLR
  -------------------------------------------------------------------    -------------------

                         (clock clk rise edge)       10.000    10.000 r  
                                                      0.000    10.000 r  clk (IN)
                         net (fo=1523, unset)         0.924    10.924    clk
                         FDCE                                         r  FSM_onehot_state_reg[11]/C
                         clock pessimism              0.000    10.924    
                         clock uncertainty           -0.235    10.689    
                         FDCE (Recov_fdce_C_CLR)     -0.319    10.370    FSM_onehot_state_reg[11]
  -------------------------------------------------------------------
                         required time                         10.370    
                         arrival time                          -5.013    
  -------------------------------------------------------------------
                         slack                                  5.357    

Slack (MET) :             5.357ns  (required time - arrival time)
  Source:                 rst_n
                            (input port clocked by clk  {rise@0.000ns fall@5.000ns period=10.000ns})
  Destination:            FSM_onehot_state_reg[12]/CLR
                            (recovery check against rising-edge clock clk  {rise@0.000ns fall@5.000ns period=10.000ns})
  Path Group:             **async_default**
  Path Type:              Recovery (Max at Slow Process Corner)
  Requirement:            10.000ns  (clk rise@10.000ns - clk rise@0.000ns)
  Data Path Delay:        2.013ns  (logic 0.124ns (6.160%)  route 1.889ns (93.840%))
  Logic Levels:           1  (LUT1=1)
  Input Delay:            3.000ns
  Clock Path Skew:        0.924ns (DCD - SCD + CPR)
    Destination Clock Delay (DCD):    0.924ns = ( 10.924 - 10.000 ) 
    Source Clock Delay      (SCD):    0.000ns
    Clock Pessimism Removal (CPR):    0.000ns
  Clock Uncertainty:      0.235ns  ((TSJ^2 + TIJ^2)^1/2 + DJ) / 2 + PE + UU
    Total System Jitter     (TSJ):    0.071ns
    Total Input Jitter      (TIJ):    0.000ns
    Discrete Jitter          (DJ):    0.000ns
    Phase Error              (PE):    0.000ns
    User Uncertainty         (UU):    0.200ns

    Location             Delay type                Incr(ns)  Path(ns)    Netlist Resource(s)
  -------------------------------------------------------------------    -------------------
                         (clock clk rise edge)        0.000     0.000 r  
                         input delay                  3.000     3.000    
                                                      0.000     3.000 r  rst_n (IN)
                         net (fo=0)                   0.973     3.973    softmax_inst/rst_n
                         LUT1 (Prop_lut1_I0_O)        0.124     4.097 f  softmax_inst/done_i_2/O
                         net (fo=1524, unplaced)      0.916     5.013    softmax_inst_n_70
                         FDCE                                         f  FSM_onehot_state_reg[12]/CLR
  -------------------------------------------------------------------    -------------------

                         (clock clk rise edge)       10.000    10.000 r  
                                                      0.000    10.000 r  clk (IN)
                         net (fo=1523, unset)         0.924    10.924    clk
                         FDCE                                         r  FSM_onehot_state_reg[12]/C
                         clock pessimism              0.000    10.924    
                         clock uncertainty           -0.235    10.689    
                         FDCE (Recov_fdce_C_CLR)     -0.319    10.370    FSM_onehot_state_reg[12]
  -------------------------------------------------------------------
                         required time                         10.370    
                         arrival time                          -5.013    
  -------------------------------------------------------------------
                         slack                                  5.357    

Slack (MET) :             5.357ns  (required time - arrival time)
  Source:                 rst_n
                            (input port clocked by clk  {rise@0.000ns fall@5.000ns period=10.000ns})
  Destination:            FSM_onehot_state_reg[13]/CLR
                            (recovery check against rising-edge clock clk  {rise@0.000ns fall@5.000ns period=10.000ns})
  Path Group:             **async_default**
  Path Type:              Recovery (Max at Slow Process Corner)
  Requirement:            10.000ns  (clk rise@10.000ns - clk rise@0.000ns)
  Data Path Delay:        2.013ns  (logic 0.124ns (6.160%)  route 1.889ns (93.840%))
  Logic Levels:           1  (LUT1=1)
  Input Delay:            3.000ns
  Clock Path Skew:        0.924ns (DCD - SCD + CPR)
    Destination Clock Delay (DCD):    0.924ns = ( 10.924 - 10.000 ) 
    Source Clock Delay      (SCD):    0.000ns
    Clock Pessimism Removal (CPR):    0.000ns
  Clock Uncertainty:      0.235ns  ((TSJ^2 + TIJ^2)^1/2 + DJ) / 2 + PE + UU
    Total System Jitter     (TSJ):    0.071ns
    Total Input Jitter      (TIJ):    0.000ns
    Discrete Jitter          (DJ):    0.000ns
    Phase Error              (PE):    0.000ns
    User Uncertainty         (UU):    0.200ns

    Location             Delay type                Incr(ns)  Path(ns)    Netlist Resource(s)
  -------------------------------------------------------------------    -------------------
                         (clock clk rise edge)        0.000     0.000 r  
                         input delay                  3.000     3.000    
                                                      0.000     3.000 r  rst_n (IN)
                         net (fo=0)                   0.973     3.973    softmax_inst/rst_n
                         LUT1 (Prop_lut1_I0_O)        0.124     4.097 f  softmax_inst/done_i_2/O
                         net (fo=1524, unplaced)      0.916     5.013    softmax_inst_n_70
                         FDCE                                         f  FSM_onehot_state_reg[13]/CLR
  -------------------------------------------------------------------    -------------------

                         (clock clk rise edge)       10.000    10.000 r  
                                                      0.000    10.000 r  clk (IN)
                         net (fo=1523, unset)         0.924    10.924    clk
                         FDCE                                         r  FSM_onehot_state_reg[13]/C
                         clock pessimism              0.000    10.924    
                         clock uncertainty           -0.235    10.689    
                         FDCE (Recov_fdce_C_CLR)     -0.319    10.370    FSM_onehot_state_reg[13]
  -------------------------------------------------------------------
                         required time                         10.370    
                         arrival time                          -5.013    
  -------------------------------------------------------------------
                         slack                                  5.357    

Slack (MET) :             5.357ns  (required time - arrival time)
  Source:                 rst_n
                            (input port clocked by clk  {rise@0.000ns fall@5.000ns period=10.000ns})
  Destination:            FSM_onehot_state_reg[1]/CLR
                            (recovery check against rising-edge clock clk  {rise@0.000ns fall@5.000ns period=10.000ns})
  Path Group:             **async_default**
  Path Type:              Recovery (Max at Slow Process Corner)
  Requirement:            10.000ns  (clk rise@10.000ns - clk rise@0.000ns)
  Data Path Delay:        2.013ns  (logic 0.124ns (6.160%)  route 1.889ns (93.840%))
  Logic Levels:           1  (LUT1=1)
  Input Delay:            3.000ns
  Clock Path Skew:        0.924ns (DCD - SCD + CPR)
    Destination Clock Delay (DCD):    0.924ns = ( 10.924 - 10.000 ) 
    Source Clock Delay      (SCD):    0.000ns
    Clock Pessimism Removal (CPR):    0.000ns
  Clock Uncertainty:      0.235ns  ((TSJ^2 + TIJ^2)^1/2 + DJ) / 2 + PE + UU
    Total System Jitter     (TSJ):    0.071ns
    Total Input Jitter      (TIJ):    0.000ns
    Discrete Jitter          (DJ):    0.000ns
    Phase Error              (PE):    0.000ns
    User Uncertainty         (UU):    0.200ns

    Location             Delay type                Incr(ns)  Path(ns)    Netlist Resource(s)
  -------------------------------------------------------------------    -------------------
                         (clock clk rise edge)        0.000     0.000 r  
                         input delay                  3.000     3.000    
                                                      0.000     3.000 r  rst_n (IN)
                         net (fo=0)                   0.973     3.973    softmax_inst/rst_n
                         LUT1 (Prop_lut1_I0_O)        0.124     4.097 f  softmax_inst/done_i_2/O
                         net (fo=1524, unplaced)      0.916     5.013    softmax_inst_n_70
                         FDCE                                         f  FSM_onehot_state_reg[1]/CLR
  -------------------------------------------------------------------    -------------------

                         (clock clk rise edge)       10.000    10.000 r  
                                                      0.000    10.000 r  clk (IN)
                         net (fo=1523, unset)         0.924    10.924    clk
                         FDCE                                         r  FSM_onehot_state_reg[1]/C
                         clock pessimism              0.000    10.924    
                         clock uncertainty           -0.235    10.689    
                         FDCE (Recov_fdce_C_CLR)     -0.319    10.370    FSM_onehot_state_reg[1]
  -------------------------------------------------------------------
                         required time                         10.370    
                         arrival time                          -5.013    
  -------------------------------------------------------------------
                         slack                                  5.357    

Slack (MET) :             5.357ns  (required time - arrival time)
  Source:                 rst_n
                            (input port clocked by clk  {rise@0.000ns fall@5.000ns period=10.000ns})
  Destination:            FSM_onehot_state_reg[2]/CLR
                            (recovery check against rising-edge clock clk  {rise@0.000ns fall@5.000ns period=10.000ns})
  Path Group:             **async_default**
  Path Type:              Recovery (Max at Slow Process Corner)
  Requirement:            10.000ns  (clk rise@10.000ns - clk rise@0.000ns)
  Data Path Delay:        2.013ns  (logic 0.124ns (6.160%)  route 1.889ns (93.840%))
  Logic Levels:           1  (LUT1=1)
  Input Delay:            3.000ns
  Clock Path Skew:        0.924ns (DCD - SCD + CPR)
    Destination Clock Delay (DCD):    0.924ns = ( 10.924 - 10.000 ) 
    Source Clock Delay      (SCD):    0.000ns
    Clock Pessimism Removal (CPR):    0.000ns
  Clock Uncertainty:      0.235ns  ((TSJ^2 + TIJ^2)^1/2 + DJ) / 2 + PE + UU
    Total System Jitter     (TSJ):    0.071ns
    Total Input Jitter      (TIJ):    0.000ns
    Discrete Jitter          (DJ):    0.000ns
    Phase Error              (PE):    0.000ns
    User Uncertainty         (UU):    0.200ns

    Location             Delay type                Incr(ns)  Path(ns)    Netlist Resource(s)
  -------------------------------------------------------------------    -------------------
                         (clock clk rise edge)        0.000     0.000 r  
                         input delay                  3.000     3.000    
                                                      0.000     3.000 r  rst_n (IN)
                         net (fo=0)                   0.973     3.973    softmax_inst/rst_n
                         LUT1 (Prop_lut1_I0_O)        0.124     4.097 f  softmax_inst/done_i_2/O
                         net (fo=1524, unplaced)      0.916     5.013    softmax_inst_n_70
                         FDCE                                         f  FSM_onehot_state_reg[2]/CLR
  -------------------------------------------------------------------    -------------------

                         (clock clk rise edge)       10.000    10.000 r  
                                                      0.000    10.000 r  clk (IN)
                         net (fo=1523, unset)         0.924    10.924    clk
                         FDCE                                         r  FSM_onehot_state_reg[2]/C
                         clock pessimism              0.000    10.924    
                         clock uncertainty           -0.235    10.689    
                         FDCE (Recov_fdce_C_CLR)     -0.319    10.370    FSM_onehot_state_reg[2]
  -------------------------------------------------------------------
                         required time                         10.370    
                         arrival time                          -5.013    
  -------------------------------------------------------------------
                         slack                                  5.357    

Slack (MET) :             5.357ns  (required time - arrival time)
  Source:                 rst_n
                            (input port clocked by clk  {rise@0.000ns fall@5.000ns period=10.000ns})
  Destination:            FSM_onehot_state_reg[3]/CLR
                            (recovery check against rising-edge clock clk  {rise@0.000ns fall@5.000ns period=10.000ns})
  Path Group:             **async_default**
  Path Type:              Recovery (Max at Slow Process Corner)
  Requirement:            10.000ns  (clk rise@10.000ns - clk rise@0.000ns)
  Data Path Delay:        2.013ns  (logic 0.124ns (6.160%)  route 1.889ns (93.840%))
  Logic Levels:           1  (LUT1=1)
  Input Delay:            3.000ns
  Clock Path Skew:        0.924ns (DCD - SCD + CPR)
    Destination Clock Delay (DCD):    0.924ns = ( 10.924 - 10.000 ) 
    Source Clock Delay      (SCD):    0.000ns
    Clock Pessimism Removal (CPR):    0.000ns
  Clock Uncertainty:      0.235ns  ((TSJ^2 + TIJ^2)^1/2 + DJ) / 2 + PE + UU
    Total System Jitter     (TSJ):    0.071ns
    Total Input Jitter      (TIJ):    0.000ns
    Discrete Jitter          (DJ):    0.000ns
    Phase Error              (PE):    0.000ns
    User Uncertainty         (UU):    0.200ns

    Location             Delay type                Incr(ns)  Path(ns)    Netlist Resource(s)
  -------------------------------------------------------------------    -------------------
                         (clock clk rise edge)        0.000     0.000 r  
                         input delay                  3.000     3.000    
                                                      0.000     3.000 r  rst_n (IN)
                         net (fo=0)                   0.973     3.973    softmax_inst/rst_n
                         LUT1 (Prop_lut1_I0_O)        0.124     4.097 f  softmax_inst/done_i_2/O
                         net (fo=1524, unplaced)      0.916     5.013    softmax_inst_n_70
                         FDCE                                         f  FSM_onehot_state_reg[3]/CLR
  -------------------------------------------------------------------    -------------------

                         (clock clk rise edge)       10.000    10.000 r  
                                                      0.000    10.000 r  clk (IN)
                         net (fo=1523, unset)         0.924    10.924    clk
                         FDCE                                         r  FSM_onehot_state_reg[3]/C
                         clock pessimism              0.000    10.924    
                         clock uncertainty           -0.235    10.689    
                         FDCE (Recov_fdce_C_CLR)     -0.319    10.370    FSM_onehot_state_reg[3]
  -------------------------------------------------------------------
                         required time                         10.370    
                         arrival time                          -5.013    
  -------------------------------------------------------------------
                         slack                                  5.357    

Slack (MET) :             5.357ns  (required time - arrival time)
  Source:                 rst_n
                            (input port clocked by clk  {rise@0.000ns fall@5.000ns period=10.000ns})
  Destination:            FSM_onehot_state_reg[4]/CLR
                            (recovery check against rising-edge clock clk  {rise@0.000ns fall@5.000ns period=10.000ns})
  Path Group:             **async_default**
  Path Type:              Recovery (Max at Slow Process Corner)
  Requirement:            10.000ns  (clk rise@10.000ns - clk rise@0.000ns)
  Data Path Delay:        2.013ns  (logic 0.124ns (6.160%)  route 1.889ns (93.840%))
  Logic Levels:           1  (LUT1=1)
  Input Delay:            3.000ns
  Clock Path Skew:        0.924ns (DCD - SCD + CPR)
    Destination Clock Delay (DCD):    0.924ns = ( 10.924 - 10.000 ) 
    Source Clock Delay      (SCD):    0.000ns
    Clock Pessimism Removal (CPR):    0.000ns
  Clock Uncertainty:      0.235ns  ((TSJ^2 + TIJ^2)^1/2 + DJ) / 2 + PE + UU
    Total System Jitter     (TSJ):    0.071ns
    Total Input Jitter      (TIJ):    0.000ns
    Discrete Jitter          (DJ):    0.000ns
    Phase Error              (PE):    0.000ns
    User Uncertainty         (UU):    0.200ns

    Location             Delay type                Incr(ns)  Path(ns)    Netlist Resource(s)
  -------------------------------------------------------------------    -------------------
                         (clock clk rise edge)        0.000     0.000 r  
                         input delay                  3.000     3.000    
                                                      0.000     3.000 r  rst_n (IN)
                         net (fo=0)                   0.973     3.973    softmax_inst/rst_n
                         LUT1 (Prop_lut1_I0_O)        0.124     4.097 f  softmax_inst/done_i_2/O
                         net (fo=1524, unplaced)      0.916     5.013    softmax_inst_n_70
                         FDCE                                         f  FSM_onehot_state_reg[4]/CLR
  -------------------------------------------------------------------    -------------------

                         (clock clk rise edge)       10.000    10.000 r  
                                                      0.000    10.000 r  clk (IN)
                         net (fo=1523, unset)         0.924    10.924    clk
                         FDCE                                         r  FSM_onehot_state_reg[4]/C
                         clock pessimism              0.000    10.924    
                         clock uncertainty           -0.235    10.689    
                         FDCE (Recov_fdce_C_CLR)     -0.319    10.370    FSM_onehot_state_reg[4]
  -------------------------------------------------------------------
                         required time                         10.370    
                         arrival time                          -5.013    
  -------------------------------------------------------------------
                         slack                                  5.357    

Slack (MET) :             5.357ns  (required time - arrival time)
  Source:                 rst_n
                            (input port clocked by clk  {rise@0.000ns fall@5.000ns period=10.000ns})
  Destination:            FSM_onehot_state_reg[5]/CLR
                            (recovery check against rising-edge clock clk  {rise@0.000ns fall@5.000ns period=10.000ns})
  Path Group:             **async_default**
  Path Type:              Recovery (Max at Slow Process Corner)
  Requirement:            10.000ns  (clk rise@10.000ns - clk rise@0.000ns)
  Data Path Delay:        2.013ns  (logic 0.124ns (6.160%)  route 1.889ns (93.840%))
  Logic Levels:           1  (LUT1=1)
  Input Delay:            3.000ns
  Clock Path Skew:        0.924ns (DCD - SCD + CPR)
    Destination Clock Delay (DCD):    0.924ns = ( 10.924 - 10.000 ) 
    Source Clock Delay      (SCD):    0.000ns
    Clock Pessimism Removal (CPR):    0.000ns
  Clock Uncertainty:      0.235ns  ((TSJ^2 + TIJ^2)^1/2 + DJ) / 2 + PE + UU
    Total System Jitter     (TSJ):    0.071ns
    Total Input Jitter      (TIJ):    0.000ns
    Discrete Jitter          (DJ):    0.000ns
    Phase Error              (PE):    0.000ns
    User Uncertainty         (UU):    0.200ns

    Location             Delay type                Incr(ns)  Path(ns)    Netlist Resource(s)
  -------------------------------------------------------------------    -------------------
                         (clock clk rise edge)        0.000     0.000 r  
                         input delay                  3.000     3.000    
                                                      0.000     3.000 r  rst_n (IN)
                         net (fo=0)                   0.973     3.973    softmax_inst/rst_n
                         LUT1 (Prop_lut1_I0_O)        0.124     4.097 f  softmax_inst/done_i_2/O
                         net (fo=1524, unplaced)      0.916     5.013    softmax_inst_n_70
                         FDCE                                         f  FSM_onehot_state_reg[5]/CLR
  -------------------------------------------------------------------    -------------------

                         (clock clk rise edge)       10.000    10.000 r  
                                                      0.000    10.000 r  clk (IN)
                         net (fo=1523, unset)         0.924    10.924    clk
                         FDCE                                         r  FSM_onehot_state_reg[5]/C
                         clock pessimism              0.000    10.924    
                         clock uncertainty           -0.235    10.689    
                         FDCE (Recov_fdce_C_CLR)     -0.319    10.370    FSM_onehot_state_reg[5]
  -------------------------------------------------------------------
                         required time                         10.370    
                         arrival time                          -5.013    
  -------------------------------------------------------------------
                         slack                                  5.357    





Min Delay Paths
--------------------------------------------------------------------------------------
Slack (MET) :             1.241ns  (arrival time - required time)
  Source:                 rst_n
                            (input port clocked by clk  {rise@0.000ns fall@5.000ns period=10.000ns})
  Destination:            FSM_onehot_state_reg[10]/CLR
                            (removal check against rising-edge clock clk  {rise@0.000ns fall@5.000ns period=10.000ns})
  Path Group:             **async_default**
  Path Type:              Removal (Min at Fast Process Corner)
  Requirement:            0.000ns  (clk rise@0.000ns - clk rise@0.000ns)
  Data Path Delay:        0.841ns  (logic 0.045ns (5.349%)  route 0.796ns (94.651%))
  Logic Levels:           1  (LUT1=1)
  Input Delay:            1.000ns
  Clock Path Skew:        0.432ns (DCD - SCD - CPR)
    Destination Clock Delay (DCD):    0.432ns
    Source Clock Delay      (SCD):    0.000ns
    Clock Pessimism Removal (CPR):    -0.000ns
  Clock Uncertainty:      0.235ns  ((TSJ^2 + TIJ^2)^1/2 + DJ) / 2 + PE + UU
    Total System Jitter     (TSJ):    0.071ns
    Total Input Jitter      (TIJ):    0.000ns
    Discrete Jitter          (DJ):    0.000ns
    Phase Error              (PE):    0.000ns
    User Uncertainty         (UU):    0.200ns

    Location             Delay type                Incr(ns)  Path(ns)    Netlist Resource(s)
  -------------------------------------------------------------------    -------------------
                         (clock clk rise edge)        0.000     0.000 r  
                         input delay                  1.000     1.000    
                                                      0.000     1.000 r  rst_n (IN)
                         net (fo=0)                   0.410     1.410    softmax_inst/rst_n
                         LUT1 (Prop_lut1_I0_O)        0.045     1.455 f  softmax_inst/done_i_2/O
                         net (fo=1524, unplaced)      0.386     1.841    softmax_inst_n_70
                         FDCE                                         f  FSM_onehot_state_reg[10]/CLR
  -------------------------------------------------------------------    -------------------

                         (clock clk rise edge)        0.000     0.000 r  
                                                      0.000     0.000 r  clk (IN)
                         net (fo=1523, unset)         0.432     0.432    clk
                         FDCE                                         r  FSM_onehot_state_reg[10]/C
                         clock pessimism              0.000     0.432    
                         clock uncertainty            0.235     0.667    
                         FDCE (Remov_fdce_C_CLR)     -0.067     0.600    FSM_onehot_state_reg[10]
  -------------------------------------------------------------------
                         required time                         -0.600    
                         arrival time                           1.841    
  -------------------------------------------------------------------
                         slack                                  1.241    

Slack (MET) :             1.241ns  (arrival time - required time)
  Source:                 rst_n
                            (input port clocked by clk  {rise@0.000ns fall@5.000ns period=10.000ns})
  Destination:            FSM_onehot_state_reg[11]/CLR
                            (removal check against rising-edge clock clk  {rise@0.000ns fall@5.000ns period=10.000ns})
  Path Group:             **async_default**
  Path Type:              Removal (Min at Fast Process Corner)
  Requirement:            0.000ns  (clk rise@0.000ns - clk rise@0.000ns)
  Data Path Delay:        0.841ns  (logic 0.045ns (5.349%)  route 0.796ns (94.651%))
  Logic Levels:           1  (LUT1=1)
  Input Delay:            1.000ns
  Clock Path Skew:        0.432ns (DCD - SCD - CPR)
    Destination Clock Delay (DCD):    0.432ns
    Source Clock Delay      (SCD):    0.000ns
    Clock Pessimism Removal (CPR):    -0.000ns
  Clock Uncertainty:      0.235ns  ((TSJ^2 + TIJ^2)^1/2 + DJ) / 2 + PE + UU
    Total System Jitter     (TSJ):    0.071ns
    Total Input Jitter      (TIJ):    0.000ns
    Discrete Jitter          (DJ):    0.000ns
    Phase Error              (PE):    0.000ns
    User Uncertainty         (UU):    0.200ns

    Location             Delay type                Incr(ns)  Path(ns)    Netlist Resource(s)
  -------------------------------------------------------------------    -------------------
                         (clock clk rise edge)        0.000     0.000 r  
                         input delay                  1.000     1.000    
                                                      0.000     1.000 r  rst_n (IN)
                         net (fo=0)                   0.410     1.410    softmax_inst/rst_n
                         LUT1 (Prop_lut1_I0_O)        0.045     1.455 f  softmax_inst/done_i_2/O
                         net (fo=1524, unplaced)      0.386     1.841    softmax_inst_n_70
                         FDCE                                         f  FSM_onehot_state_reg[11]/CLR
  -------------------------------------------------------------------    -------------------

                         (clock clk rise edge)        0.000     0.000 r  
                                                      0.000     0.000 r  clk (IN)
                         net (fo=1523, unset)         0.432     0.432    clk
                         FDCE                                         r  FSM_onehot_state_reg[11]/C
                         clock pessimism              0.000     0.432    
                         clock uncertainty            0.235     0.667    
                         FDCE (Remov_fdce_C_CLR)     -0.067     0.600    FSM_onehot_state_reg[11]
  -------------------------------------------------------------------
                         required time                         -0.600    
                         arrival time                           1.841    
  -------------------------------------------------------------------
                         slack                                  1.241    

Slack (MET) :             1.241ns  (arrival time - required time)
  Source:                 rst_n
                            (input port clocked by clk  {rise@0.000ns fall@5.000ns period=10.000ns})
  Destination:            FSM_onehot_state_reg[12]/CLR
                            (removal check against rising-edge clock clk  {rise@0.000ns fall@5.000ns period=10.000ns})
  Path Group:             **async_default**
  Path Type:              Removal (Min at Fast Process Corner)
  Requirement:            0.000ns  (clk rise@0.000ns - clk rise@0.000ns)
  Data Path Delay:        0.841ns  (logic 0.045ns (5.349%)  route 0.796ns (94.651%))
  Logic Levels:           1  (LUT1=1)
  Input Delay:            1.000ns
  Clock Path Skew:        0.432ns (DCD - SCD - CPR)
    Destination Clock Delay (DCD):    0.432ns
    Source Clock Delay      (SCD):    0.000ns
    Clock Pessimism Removal (CPR):    -0.000ns
  Clock Uncertainty:      0.235ns  ((TSJ^2 + TIJ^2)^1/2 + DJ) / 2 + PE + UU
    Total System Jitter     (TSJ):    0.071ns
    Total Input Jitter      (TIJ):    0.000ns
    Discrete Jitter          (DJ):    0.000ns
    Phase Error              (PE):    0.000ns
    User Uncertainty         (UU):    0.200ns

    Location             Delay type                Incr(ns)  Path(ns)    Netlist Resource(s)
  -------------------------------------------------------------------    -------------------
                         (clock clk rise edge)        0.000     0.000 r  
                         input delay                  1.000     1.000    
                                                      0.000     1.000 r  rst_n (IN)
                         net (fo=0)                   0.410     1.410    softmax_inst/rst_n
                         LUT1 (Prop_lut1_I0_O)        0.045     1.455 f  softmax_inst/done_i_2/O
                         net (fo=1524, unplaced)      0.386     1.841    softmax_inst_n_70
                         FDCE                                         f  FSM_onehot_state_reg[12]/CLR
  -------------------------------------------------------------------    -------------------

                         (clock clk rise edge)        0.000     0.000 r  
                                                      0.000     0.000 r  clk (IN)
                         net (fo=1523, unset)         0.432     0.432    clk
                         FDCE                                         r  FSM_onehot_state_reg[12]/C
                         clock pessimism              0.000     0.432    
                         clock uncertainty            0.235     0.667    
                         FDCE (Remov_fdce_C_CLR)     -0.067     0.600    FSM_onehot_state_reg[12]
  -------------------------------------------------------------------
                         required time                         -0.600    
                         arrival time                           1.841    
  -------------------------------------------------------------------
                         slack                                  1.241    

Slack (MET) :             1.241ns  (arrival time - required time)
  Source:                 rst_n
                            (input port clocked by clk  {rise@0.000ns fall@5.000ns period=10.000ns})
  Destination:            FSM_onehot_state_reg[13]/CLR
                            (removal check against rising-edge clock clk  {rise@0.000ns fall@5.000ns period=10.000ns})
  Path Group:             **async_default**
  Path Type:              Removal (Min at Fast Process Corner)
  Requirement:            0.000ns  (clk rise@0.000ns - clk rise@0.000ns)
  Data Path Delay:        0.841ns  (logic 0.045ns (5.349%)  route 0.796ns (94.651%))
  Logic Levels:           1  (LUT1=1)
  Input Delay:            1.000ns
  Clock Path Skew:        0.432ns (DCD - SCD - CPR)
    Destination Clock Delay (DCD):    0.432ns
    Source Clock Delay      (SCD):    0.000ns
    Clock Pessimism Removal (CPR):    -0.000ns
  Clock Uncertainty:      0.235ns  ((TSJ^2 + TIJ^2)^1/2 + DJ) / 2 + PE + UU
    Total System Jitter     (TSJ):    0.071ns
    Total Input Jitter      (TIJ):    0.000ns
    Discrete Jitter          (DJ):    0.000ns
    Phase Error              (PE):    0.000ns
    User Uncertainty         (UU):    0.200ns

    Location             Delay type                Incr(ns)  Path(ns)    Netlist Resource(s)
  -------------------------------------------------------------------    -------------------
                         (clock clk rise edge)        0.000     0.000 r  
                         input delay                  1.000     1.000    
                                                      0.000     1.000 r  rst_n (IN)
                         net (fo=0)                   0.410     1.410    softmax_inst/rst_n
                         LUT1 (Prop_lut1_I0_O)        0.045     1.455 f  softmax_inst/done_i_2/O
                         net (fo=1524, unplaced)      0.386     1.841    softmax_inst_n_70
                         FDCE                                         f  FSM_onehot_state_reg[13]/CLR
  -------------------------------------------------------------------    -------------------

                         (clock clk rise edge)        0.000     0.000 r  
                                                      0.000     0.000 r  clk (IN)
                         net (fo=1523, unset)         0.432     0.432    clk
                         FDCE                                         r  FSM_onehot_state_reg[13]/C
                         clock pessimism              0.000     0.432    
                         clock uncertainty            0.235     0.667    
                         FDCE (Remov_fdce_C_CLR)     -0.067     0.600    FSM_onehot_state_reg[13]
  -------------------------------------------------------------------
                         required time                         -0.600    
                         arrival time                           1.841    
  -------------------------------------------------------------------
                         slack                                  1.241    

Slack (MET) :             1.241ns  (arrival time - required time)
  Source:                 rst_n
                            (input port clocked by clk  {rise@0.000ns fall@5.000ns period=10.000ns})
  Destination:            FSM_onehot_state_reg[1]/CLR
                            (removal check against rising-edge clock clk  {rise@0.000ns fall@5.000ns period=10.000ns})
  Path Group:             **async_default**
  Path Type:              Removal (Min at Fast Process Corner)
  Requirement:            0.000ns  (clk rise@0.000ns - clk rise@0.000ns)
  Data Path Delay:        0.841ns  (logic 0.045ns (5.349%)  route 0.796ns (94.651%))
  Logic Levels:           1  (LUT1=1)
  Input Delay:            1.000ns
  Clock Path Skew:        0.432ns (DCD - SCD - CPR)
    Destination Clock Delay (DCD):    0.432ns
    Source Clock Delay      (SCD):    0.000ns
    Clock Pessimism Removal (CPR):    -0.000ns
  Clock Uncertainty:      0.235ns  ((TSJ^2 + TIJ^2)^1/2 + DJ) / 2 + PE + UU
    Total System Jitter     (TSJ):    0.071ns
    Total Input Jitter      (TIJ):    0.000ns
    Discrete Jitter          (DJ):    0.000ns
    Phase Error              (PE):    0.000ns
    User Uncertainty         (UU):    0.200ns

    Location             Delay type                Incr(ns)  Path(ns)    Netlist Resource(s)
  -------------------------------------------------------------------    -------------------
                         (clock clk rise edge)        0.000     0.000 r  
                         input delay                  1.000     1.000    
                                                      0.000     1.000 r  rst_n (IN)
                         net (fo=0)                   0.410     1.410    softmax_inst/rst_n
                         LUT1 (Prop_lut1_I0_O)        0.045     1.455 f  softmax_inst/done_i_2/O
                         net (fo=1524, unplaced)      0.386     1.841    softmax_inst_n_70
                         FDCE                                         f  FSM_onehot_state_reg[1]/CLR
  -------------------------------------------------------------------    -------------------

                         (clock clk rise edge)        0.000     0.000 r  
                                                      0.000     0.000 r  clk (IN)
                         net (fo=1523, unset)         0.432     0.432    clk
                         FDCE                                         r  FSM_onehot_state_reg[1]/C
                         clock pessimism              0.000     0.432    
                         clock uncertainty            0.235     0.667    
                         FDCE (Remov_fdce_C_CLR)     -0.067     0.600    FSM_onehot_state_reg[1]
  -------------------------------------------------------------------
                         required time                         -0.600    
                         arrival time                           1.841    
  -------------------------------------------------------------------
                         slack                                  1.241    

Slack (MET) :             1.241ns  (arrival time - required time)
  Source:                 rst_n
                            (input port clocked by clk  {rise@0.000ns fall@5.000ns period=10.000ns})
  Destination:            FSM_onehot_state_reg[2]/CLR
                            (removal check against rising-edge clock clk  {rise@0.000ns fall@5.000ns period=10.000ns})
  Path Group:             **async_default**
  Path Type:              Removal (Min at Fast Process Corner)
  Requirement:            0.000ns  (clk rise@0.000ns - clk rise@0.000ns)
  Data Path Delay:        0.841ns  (logic 0.045ns (5.349%)  route 0.796ns (94.651%))
  Logic Levels:           1  (LUT1=1)
  Input Delay:            1.000ns
  Clock Path Skew:        0.432ns (DCD - SCD - CPR)
    Destination Clock Delay (DCD):    0.432ns
    Source Clock Delay      (SCD):    0.000ns
    Clock Pessimism Removal (CPR):    -0.000ns
  Clock Uncertainty:      0.235ns  ((TSJ^2 + TIJ^2)^1/2 + DJ) / 2 + PE + UU
    Total System Jitter     (TSJ):    0.071ns
    Total Input Jitter      (TIJ):    0.000ns
    Discrete Jitter          (DJ):    0.000ns
    Phase Error              (PE):    0.000ns
    User Uncertainty         (UU):    0.200ns

    Location             Delay type                Incr(ns)  Path(ns)    Netlist Resource(s)
  -------------------------------------------------------------------    -------------------
                         (clock clk rise edge)        0.000     0.000 r  
                         input delay                  1.000     1.000    
                                                      0.000     1.000 r  rst_n (IN)
                         net (fo=0)                   0.410     1.410    softmax_inst/rst_n
                         LUT1 (Prop_lut1_I0_O)        0.045     1.455 f  softmax_inst/done_i_2/O
                         net (fo=1524, unplaced)      0.386     1.841    softmax_inst_n_70
                         FDCE                                         f  FSM_onehot_state_reg[2]/CLR
  -------------------------------------------------------------------    -------------------

                         (clock clk rise edge)        0.000     0.000 r  
                                                      0.000     0.000 r  clk (IN)
                         net (fo=1523, unset)         0.432     0.432    clk
                         FDCE                                         r  FSM_onehot_state_reg[2]/C
                         clock pessimism              0.000     0.432    
                         clock uncertainty            0.235     0.667    
                         FDCE (Remov_fdce_C_CLR)     -0.067     0.600    FSM_onehot_state_reg[2]
  -------------------------------------------------------------------
                         required time                         -0.600    
                         arrival time                           1.841    
  -------------------------------------------------------------------
                         slack                                  1.241    

Slack (MET) :             1.241ns  (arrival time - required time)
  Source:                 rst_n
                            (input port clocked by clk  {rise@0.000ns fall@5.000ns period=10.000ns})
  Destination:            FSM_onehot_state_reg[3]/CLR
                            (removal check against rising-edge clock clk  {rise@0.000ns fall@5.000ns period=10.000ns})
  Path Group:             **async_default**
  Path Type:              Removal (Min at Fast Process Corner)
  Requirement:            0.000ns  (clk rise@0.000ns - clk rise@0.000ns)
  Data Path Delay:        0.841ns  (logic 0.045ns (5.349%)  route 0.796ns (94.651%))
  Logic Levels:           1  (LUT1=1)
  Input Delay:            1.000ns
  Clock Path Skew:        0.432ns (DCD - SCD - CPR)
    Destination Clock Delay (DCD):    0.432ns
    Source Clock Delay      (SCD):    0.000ns
    Clock Pessimism Removal (CPR):    -0.000ns
  Clock Uncertainty:      0.235ns  ((TSJ^2 + TIJ^2)^1/2 + DJ) / 2 + PE + UU
    Total System Jitter     (TSJ):    0.071ns
    Total Input Jitter      (TIJ):    0.000ns
    Discrete Jitter          (DJ):    0.000ns
    Phase Error              (PE):    0.000ns
    User Uncertainty         (UU):    0.200ns

    Location             Delay type                Incr(ns)  Path(ns)    Netlist Resource(s)
  -------------------------------------------------------------------    -------------------
                         (clock clk rise edge)        0.000     0.000 r  
                         input delay                  1.000     1.000    
                                                      0.000     1.000 r  rst_n (IN)
                         net (fo=0)                   0.410     1.410    softmax_inst/rst_n
                         LUT1 (Prop_lut1_I0_O)        0.045     1.455 f  softmax_inst/done_i_2/O
                         net (fo=1524, unplaced)      0.386     1.841    softmax_inst_n_70
                         FDCE                                         f  FSM_onehot_state_reg[3]/CLR
  -------------------------------------------------------------------    -------------------

                         (clock clk rise edge)        0.000     0.000 r  
                                                      0.000     0.000 r  clk (IN)
                         net (fo=1523, unset)         0.432     0.432    clk
                         FDCE                                         r  FSM_onehot_state_reg[3]/C
                         clock pessimism              0.000     0.432    
                         clock uncertainty            0.235     0.667    
                         FDCE (Remov_fdce_C_CLR)     -0.067     0.600    FSM_onehot_state_reg[3]
  -------------------------------------------------------------------
                         required time                         -0.600    
                         arrival time                           1.841    
  -------------------------------------------------------------------
                         slack                                  1.241    

Slack (MET) :             1.241ns  (arrival time - required time)
  Source:                 rst_n
                            (input port clocked by clk  {rise@0.000ns fall@5.000ns period=10.000ns})
  Destination:            FSM_onehot_state_reg[4]/CLR
                            (removal check against rising-edge clock clk  {rise@0.000ns fall@5.000ns period=10.000ns})
  Path Group:             **async_default**
  Path Type:              Removal (Min at Fast Process Corner)
  Requirement:            0.000ns  (clk rise@0.000ns - clk rise@0.000ns)
  Data Path Delay:        0.841ns  (logic 0.045ns (5.349%)  route 0.796ns (94.651%))
  Logic Levels:           1  (LUT1=1)
  Input Delay:            1.000ns
  Clock Path Skew:        0.432ns (DCD - SCD - CPR)
    Destination Clock Delay (DCD):    0.432ns
    Source Clock Delay      (SCD):    0.000ns
    Clock Pessimism Removal (CPR):    -0.000ns
  Clock Uncertainty:      0.235ns  ((TSJ^2 + TIJ^2)^1/2 + DJ) / 2 + PE + UU
    Total System Jitter     (TSJ):    0.071ns
    Total Input Jitter      (TIJ):    0.000ns
    Discrete Jitter          (DJ):    0.000ns
    Phase Error              (PE):    0.000ns
    User Uncertainty         (UU):    0.200ns

    Location             Delay type                Incr(ns)  Path(ns)    Netlist Resource(s)
  -------------------------------------------------------------------    -------------------
                         (clock clk rise edge)        0.000     0.000 r  
                         input delay                  1.000     1.000    
                                                      0.000     1.000 r  rst_n (IN)
                         net (fo=0)                   0.410     1.410    softmax_inst/rst_n
                         LUT1 (Prop_lut1_I0_O)        0.045     1.455 f  softmax_inst/done_i_2/O
                         net (fo=1524, unplaced)      0.386     1.841    softmax_inst_n_70
                         FDCE                                         f  FSM_onehot_state_reg[4]/CLR
  -------------------------------------------------------------------    -------------------

                         (clock clk rise edge)        0.000     0.000 r  
                                                      0.000     0.000 r  clk (IN)
                         net (fo=1523, unset)         0.432     0.432    clk
                         FDCE                                         r  FSM_onehot_state_reg[4]/C
                         clock pessimism              0.000     0.432    
                         clock uncertainty            0.235     0.667    
                         FDCE (Remov_fdce_C_CLR)     -0.067     0.600    FSM_onehot_state_reg[4]
  -------------------------------------------------------------------
                         required time                         -0.600    
                         arrival time                           1.841    
  -------------------------------------------------------------------
                         slack                                  1.241    

Slack (MET) :             1.241ns  (arrival time - required time)
  Source:                 rst_n
                            (input port clocked by clk  {rise@0.000ns fall@5.000ns period=10.000ns})
  Destination:            FSM_onehot_state_reg[5]/CLR
                            (removal check against rising-edge clock clk  {rise@0.000ns fall@5.000ns period=10.000ns})
  Path Group:             **async_default**
  Path Type:              Removal (Min at Fast Process Corner)
  Requirement:            0.000ns  (clk rise@0.000ns - clk rise@0.000ns)
  Data Path Delay:        0.841ns  (logic 0.045ns (5.349%)  route 0.796ns (94.651%))
  Logic Levels:           1  (LUT1=1)
  Input Delay:            1.000ns
  Clock Path Skew:        0.432ns (DCD - SCD - CPR)
    Destination Clock Delay (DCD):    0.432ns
    Source Clock Delay      (SCD):    0.000ns
    Clock Pessimism Removal (CPR):    -0.000ns
  Clock Uncertainty:      0.235ns  ((TSJ^2 + TIJ^2)^1/2 + DJ) / 2 + PE + UU
    Total System Jitter     (TSJ):    0.071ns
    Total Input Jitter      (TIJ):    0.000ns
    Discrete Jitter          (DJ):    0.000ns
    Phase Error              (PE):    0.000ns
    User Uncertainty         (UU):    0.200ns

    Location             Delay type                Incr(ns)  Path(ns)    Netlist Resource(s)
  -------------------------------------------------------------------    -------------------
                         (clock clk rise edge)        0.000     0.000 r  
                         input delay                  1.000     1.000    
                                                      0.000     1.000 r  rst_n (IN)
                         net (fo=0)                   0.410     1.410    softmax_inst/rst_n
                         LUT1 (Prop_lut1_I0_O)        0.045     1.455 f  softmax_inst/done_i_2/O
                         net (fo=1524, unplaced)      0.386     1.841    softmax_inst_n_70
                         FDCE                                         f  FSM_onehot_state_reg[5]/CLR
  -------------------------------------------------------------------    -------------------

                         (clock clk rise edge)        0.000     0.000 r  
                                                      0.000     0.000 r  clk (IN)
                         net (fo=1523, unset)         0.432     0.432    clk
                         FDCE                                         r  FSM_onehot_state_reg[5]/C
                         clock pessimism              0.000     0.432    
                         clock uncertainty            0.235     0.667    
                         FDCE (Remov_fdce_C_CLR)     -0.067     0.600    FSM_onehot_state_reg[5]
  -------------------------------------------------------------------
                         required time                         -0.600    
                         arrival time                           1.841    
  -------------------------------------------------------------------
                         slack                                  1.241    

Slack (MET) :             1.241ns  (arrival time - required time)
  Source:                 rst_n
                            (input port clocked by clk  {rise@0.000ns fall@5.000ns period=10.000ns})
  Destination:            FSM_onehot_state_reg[6]/CLR
                            (removal check against rising-edge clock clk  {rise@0.000ns fall@5.000ns period=10.000ns})
  Path Group:             **async_default**
  Path Type:              Removal (Min at Fast Process Corner)
  Requirement:            0.000ns  (clk rise@0.000ns - clk rise@0.000ns)
  Data Path Delay:        0.841ns  (logic 0.045ns (5.349%)  route 0.796ns (94.651%))
  Logic Levels:           1  (LUT1=1)
  Input Delay:            1.000ns
  Clock Path Skew:        0.432ns (DCD - SCD - CPR)
    Destination Clock Delay (DCD):    0.432ns
    Source Clock Delay      (SCD):    0.000ns
    Clock Pessimism Removal (CPR):    -0.000ns
  Clock Uncertainty:      0.235ns  ((TSJ^2 + TIJ^2)^1/2 + DJ) / 2 + PE + UU
    Total System Jitter     (TSJ):    0.071ns
    Total Input Jitter      (TIJ):    0.000ns
    Discrete Jitter          (DJ):    0.000ns
    Phase Error              (PE):    0.000ns
    User Uncertainty         (UU):    0.200ns

    Location             Delay type                Incr(ns)  Path(ns)    Netlist Resource(s)
  -------------------------------------------------------------------    -------------------
                         (clock clk rise edge)        0.000     0.000 r  
                         input delay                  1.000     1.000    
                                                      0.000     1.000 r  rst_n (IN)
                         net (fo=0)                   0.410     1.410    softmax_inst/rst_n
                         LUT1 (Prop_lut1_I0_O)        0.045     1.455 f  softmax_inst/done_i_2/O
                         net (fo=1524, unplaced)      0.386     1.841    softmax_inst_n_70
                         FDCE                                         f  FSM_onehot_state_reg[6]/CLR
  -------------------------------------------------------------------    -------------------

                         (clock clk rise edge)        0.000     0.000 r  
                                                      0.000     0.000 r  clk (IN)
                         net (fo=1523, unset)         0.432     0.432    clk
                         FDCE                                         r  FSM_onehot_state_reg[6]/C
                         clock pessimism              0.000     0.432    
                         clock uncertainty            0.235     0.667    
                         FDCE (Remov_fdce_C_CLR)     -0.067     0.600    FSM_onehot_state_reg[6]
  -------------------------------------------------------------------
                         required time                         -0.600    
                         arrival time                           1.841    
  -------------------------------------------------------------------
                         slack                                  1.241    





--------------------------------------------------------------------------------------
Path Group:  (none)
From Clock:  clk
  To Clock:  

Max Delay            35 Endpoints
Min Delay            35 Endpoints
--------------------------------------------------------------------------------------


Max Delay Paths
--------------------------------------------------------------------------------------
Slack:                    inf
  Source:                 FSM_onehot_state_reg[3]/C
                            (rising edge-triggered cell FDCE clocked by clk  {rise@0.000ns fall@5.000ns period=10.000ns})
  Destination:            k_addr[9]
                            (output port)
  Path Group:             (none)
  Path Type:              Max at Slow Process Corner
  Data Path Delay:        2.880ns  (logic 0.937ns (32.535%)  route 1.943ns (67.465%))
  Logic Levels:           2  (LUT2=1 LUT6=1)
  Clock Uncertainty:      0.225ns  ((TSJ^2 + TIJ^2)^1/2 + DJ) / 2 + PE + UU
    Total System Jitter     (TSJ):    0.050ns
    Total Input Jitter      (TIJ):    0.000ns
    Discrete Jitter          (DJ):    0.000ns
    Phase Error              (PE):    0.000ns
    User Uncertainty         (UU):    0.200ns

    Location             Delay type                Incr(ns)  Path(ns)    Netlist Resource(s)
  -------------------------------------------------------------------    -------------------
                         (clock clk rise edge)        0.000     0.000 r  
                                                      0.000     0.000 r  clk (IN)
                         net (fo=1523, unset)         0.973     0.973    clk
                         FDCE                                         r  FSM_onehot_state_reg[3]/C
  -------------------------------------------------------------------    -------------------
                         FDCE (Prop_fdce_C_Q)         0.518     1.491 r  FSM_onehot_state_reg[3]/Q
                         net (fo=14, unplaced)        0.521     2.012    FSM_onehot_state_reg_n_0_[3]
                         LUT2 (Prop_lut2_I0_O)        0.295     2.307 f  k_addr[9]_INST_0_i_1/O
                         net (fo=1, unplaced)         0.449     2.756    k_addr[9]_INST_0_i_1_n_0
                         LUT6 (Prop_lut6_I0_O)        0.124     2.880 r  k_addr[9]_INST_0/O
                         net (fo=0)                   0.973     3.853    k_addr[9]
                                                                      r  k_addr[9] (OUT)
  -------------------------------------------------------------------    -------------------

Slack:                    inf
  Source:                 FSM_onehot_state_reg[1]/C
                            (rising edge-triggered cell FDCE clocked by clk  {rise@0.000ns fall@5.000ns period=10.000ns})
  Destination:            q_addr[9]
                            (output port)
  Path Group:             (none)
  Path Type:              Max at Slow Process Corner
  Data Path Delay:        2.880ns  (logic 0.937ns (32.535%)  route 1.943ns (67.465%))
  Logic Levels:           2  (LUT2=1 LUT6=1)
  Clock Uncertainty:      0.225ns  ((TSJ^2 + TIJ^2)^1/2 + DJ) / 2 + PE + UU
    Total System Jitter     (TSJ):    0.050ns
    Total Input Jitter      (TIJ):    0.000ns
    Discrete Jitter          (DJ):    0.000ns
    Phase Error              (PE):    0.000ns
    User Uncertainty         (UU):    0.200ns

    Location             Delay type                Incr(ns)  Path(ns)    Netlist Resource(s)
  -------------------------------------------------------------------    -------------------
                         (clock clk rise edge)        0.000     0.000 r  
                                                      0.000     0.000 r  clk (IN)
                         net (fo=1523, unset)         0.973     0.973    clk
                         FDCE                                         r  FSM_onehot_state_reg[1]/C
  -------------------------------------------------------------------    -------------------
                         FDCE (Prop_fdce_C_Q)         0.518     1.491 r  FSM_onehot_state_reg[1]/Q
                         net (fo=14, unplaced)        0.521     2.012    FSM_onehot_state_reg_n_0_[1]
                         LUT2 (Prop_lut2_I0_O)        0.295     2.307 f  q_addr[9]_INST_0_i_1/O
                         net (fo=1, unplaced)         0.449     2.756    q_addr[9]_INST_0_i_1_n_0
                         LUT6 (Prop_lut6_I0_O)        0.124     2.880 r  q_addr[9]_INST_0/O
                         net (fo=0)                   0.973     3.853    q_addr[9]
                                                                      r  q_addr[9] (OUT)
  -------------------------------------------------------------------    -------------------

Slack:                    inf
  Source:                 FSM_onehot_state_reg[8]/C
                            (rising edge-triggered cell FDCE clocked by clk  {rise@0.000ns fall@5.000ns period=10.000ns})
  Destination:            v_addr[9]
                            (output port)
  Path Group:             (none)
  Path Type:              Max at Slow Process Corner
  Data Path Delay:        2.880ns  (logic 0.937ns (32.535%)  route 1.943ns (67.465%))
  Logic Levels:           2  (LUT2=1 LUT6=1)
  Clock Uncertainty:      0.225ns  ((TSJ^2 + TIJ^2)^1/2 + DJ) / 2 + PE + UU
    Total System Jitter     (TSJ):    0.050ns
    Total Input Jitter      (TIJ):    0.000ns
    Discrete Jitter          (DJ):    0.000ns
    Phase Error              (PE):    0.000ns
    User Uncertainty         (UU):    0.200ns

    Location             Delay type                Incr(ns)  Path(ns)    Netlist Resource(s)
  -------------------------------------------------------------------    -------------------
                         (clock clk rise edge)        0.000     0.000 r  
                                                      0.000     0.000 r  clk (IN)
                         net (fo=1523, unset)         0.973     0.973    clk
                         FDCE                                         r  FSM_onehot_state_reg[8]/C
  -------------------------------------------------------------------    -------------------
                         FDCE (Prop_fdce_C_Q)         0.518     1.491 r  FSM_onehot_state_reg[8]/Q
                         net (fo=14, unplaced)        0.521     2.012    FSM_onehot_state_reg_n_0_[8]
                         LUT2 (Prop_lut2_I0_O)        0.295     2.307 f  v_addr[9]_INST_0_i_1/O
                         net (fo=1, unplaced)         0.449     2.756    v_addr[9]_INST_0_i_1_n_0
                         LUT6 (Prop_lut6_I0_O)        0.124     2.880 r  v_addr[9]_INST_0/O
                         net (fo=0)                   0.973     3.853    v_addr[9]
                                                                      r  v_addr[9] (OUT)
  -------------------------------------------------------------------    -------------------

Slack:                    inf
  Source:                 FSM_onehot_state_reg[9]/C
                            (rising edge-triggered cell FDCE clocked by clk  {rise@0.000ns fall@5.000ns period=10.000ns})
  Destination:            v_addr[8]
                            (output port)
  Path Group:             (none)
  Path Type:              Max at Slow Process Corner
  Data Path Delay:        2.851ns  (logic 0.813ns (28.516%)  route 2.038ns (71.484%))
  Logic Levels:           1  (LUT6=1)
  Clock Uncertainty:      0.225ns  ((TSJ^2 + TIJ^2)^1/2 + DJ) / 2 + PE + UU
    Total System Jitter     (TSJ):    0.050ns
    Total Input Jitter      (TIJ):    0.000ns
    Discrete Jitter          (DJ):    0.000ns
    Phase Error              (PE):    0.000ns
    User Uncertainty         (UU):    0.200ns

    Location             Delay type                Incr(ns)  Path(ns)    Netlist Resource(s)
  -------------------------------------------------------------------    -------------------
                         (clock clk rise edge)        0.000     0.000 r  
                                                      0.000     0.000 r  clk (IN)
                         net (fo=1523, unset)         0.973     0.973    clk
                         FDCE                                         r  FSM_onehot_state_reg[9]/C
  -------------------------------------------------------------------    -------------------
                         FDCE (Prop_fdce_C_Q)         0.518     1.491 r  FSM_onehot_state_reg[9]/Q
                         net (fo=103, unplaced)       1.065     2.556    FSM_onehot_state_reg_n_0_[9]
                         LUT6 (Prop_lut6_I0_O)        0.295     2.851 r  v_addr[8]_INST_0/O
                         net (fo=0)                   0.973     3.824    v_addr[8]
                                                                      r  v_addr[8] (OUT)
  -------------------------------------------------------------------    -------------------

Slack:                    inf
  Source:                 elem_idx_reg[6]/C
                            (rising edge-triggered cell FDCE clocked by clk  {rise@0.000ns fall@5.000ns period=10.000ns})
  Destination:            q_addr[8]
                            (output port)
  Path Group:             (none)
  Path Type:              Max at Slow Process Corner
  Data Path Delay:        2.833ns  (logic 0.813ns (28.697%)  route 2.020ns (71.303%))
  Logic Levels:           1  (LUT6=1)
  Clock Uncertainty:      0.225ns  ((TSJ^2 + TIJ^2)^1/2 + DJ) / 2 + PE + UU
    Total System Jitter     (TSJ):    0.050ns
    Total Input Jitter      (TIJ):    0.000ns
    Discrete Jitter          (DJ):    0.000ns
    Phase Error              (PE):    0.000ns
    User Uncertainty         (UU):    0.200ns

    Location             Delay type                Incr(ns)  Path(ns)    Netlist Resource(s)
  -------------------------------------------------------------------    -------------------
                         (clock clk rise edge)        0.000     0.000 r  
                                                      0.000     0.000 r  clk (IN)
                         net (fo=1523, unset)         0.973     0.973    clk
                         FDCE                                         r  elem_idx_reg[6]/C
  -------------------------------------------------------------------    -------------------
                         FDCE (Prop_fdce_C_Q)         0.518     1.491 r  elem_idx_reg[6]/Q
                         net (fo=50, unplaced)        1.047     2.538    elem_idx_reg_n_0_[6]
                         LUT6 (Prop_lut6_I0_O)        0.295     2.833 r  q_addr[8]_INST_0/O
                         net (fo=0)                   0.973     3.806    q_addr[8]
                                                                      r  q_addr[8] (OUT)
  -------------------------------------------------------------------    -------------------

Slack:                    inf
  Source:                 FSM_onehot_state_reg[4]/C
                            (rising edge-triggered cell FDCE clocked by clk  {rise@0.000ns fall@5.000ns period=10.000ns})
  Destination:            k_addr[8]
                            (output port)
  Path Group:             (none)
  Path Type:              Max at Slow Process Corner
  Data Path Delay:        2.816ns  (logic 0.813ns (28.871%)  route 2.003ns (71.129%))
  Logic Levels:           1  (LUT6=1)
  Clock Uncertainty:      0.225ns  ((TSJ^2 + TIJ^2)^1/2 + DJ) / 2 + PE + UU
    Total System Jitter     (TSJ):    0.050ns
    Total Input Jitter      (TIJ):    0.000ns
    Discrete Jitter          (DJ):    0.000ns
    Phase Error              (PE):    0.000ns
    User Uncertainty         (UU):    0.200ns

    Location             Delay type                Incr(ns)  Path(ns)    Netlist Resource(s)
  -------------------------------------------------------------------    -------------------
                         (clock clk rise edge)        0.000     0.000 r  
                                                      0.000     0.000 r  clk (IN)
                         net (fo=1523, unset)         0.973     0.973    clk
                         FDCE                                         r  FSM_onehot_state_reg[4]/C
  -------------------------------------------------------------------    -------------------
                         FDCE (Prop_fdce_C_Q)         0.518     1.491 r  FSM_onehot_state_reg[4]/Q
                         net (fo=25, unplaced)        1.030     2.521    FSM_onehot_state_reg_n_0_[4]
                         LUT6 (Prop_lut6_I0_O)        0.295     2.816 r  k_addr[8]_INST_0/O
                         net (fo=0)                   0.973     3.789    k_addr[8]
                                                                      r  k_addr[8] (OUT)
  -------------------------------------------------------------------    -------------------

Slack:                    inf
  Source:                 FSM_onehot_state_reg[9]/C
                            (rising edge-triggered cell FDCE clocked by clk  {rise@0.000ns fall@5.000ns period=10.000ns})
  Destination:            v_addr[7]
                            (output port)
  Path Group:             (none)
  Path Type:              Max at Slow Process Corner
  Data Path Delay:        2.692ns  (logic 0.813ns (30.201%)  route 1.879ns (69.799%))
  Logic Levels:           1  (LUT5=1)
  Clock Uncertainty:      0.225ns  ((TSJ^2 + TIJ^2)^1/2 + DJ) / 2 + PE + UU
    Total System Jitter     (TSJ):    0.050ns
    Total Input Jitter      (TIJ):    0.000ns
    Discrete Jitter          (DJ):    0.000ns
    Phase Error              (PE):    0.000ns
    User Uncertainty         (UU):    0.200ns

    Location             Delay type                Incr(ns)  Path(ns)    Netlist Resource(s)
  -------------------------------------------------------------------    -------------------
                         (clock clk rise edge)        0.000     0.000 r  
                                                      0.000     0.000 r  clk (IN)
                         net (fo=1523, unset)         0.973     0.973    clk
                         FDCE                                         r  FSM_onehot_state_reg[9]/C
  -------------------------------------------------------------------    -------------------
                         FDCE (Prop_fdce_C_Q)         0.518     1.491 r  FSM_onehot_state_reg[9]/Q
                         net (fo=103, unplaced)       0.906     2.397    FSM_onehot_state_reg_n_0_[9]
                         LUT5 (Prop_lut5_I0_O)        0.295     2.692 r  v_addr[7]_INST_0/O
                         net (fo=0)                   0.973     3.665    v_addr[7]
                                                                      r  v_addr[7] (OUT)
  -------------------------------------------------------------------    -------------------

Slack:                    inf
  Source:                 elem_idx_reg[6]/C
                            (rising edge-triggered cell FDCE clocked by clk  {rise@0.000ns fall@5.000ns period=10.000ns})
  Destination:            q_addr[7]
                            (output port)
  Path Group:             (none)
  Path Type:              Max at Slow Process Corner
  Data Path Delay:        2.674ns  (logic 0.813ns (30.404%)  route 1.861ns (69.596%))
  Logic Levels:           1  (LUT5=1)
  Clock Uncertainty:      0.225ns  ((TSJ^2 + TIJ^2)^1/2 + DJ) / 2 + PE + UU
    Total System Jitter     (TSJ):    0.050ns
    Total Input Jitter      (TIJ):    0.000ns
    Discrete Jitter          (DJ):    0.000ns
    Phase Error              (PE):    0.000ns
    User Uncertainty         (UU):    0.200ns

    Location             Delay type                Incr(ns)  Path(ns)    Netlist Resource(s)
  -------------------------------------------------------------------    -------------------
                         (clock clk rise edge)        0.000     0.000 r  
                                                      0.000     0.000 r  clk (IN)
                         net (fo=1523, unset)         0.973     0.973    clk
                         FDCE                                         r  elem_idx_reg[6]/C
  -------------------------------------------------------------------    -------------------
                         FDCE (Prop_fdce_C_Q)         0.518     1.491 r  elem_idx_reg[6]/Q
                         net (fo=50, unplaced)        0.888     2.379    elem_idx_reg_n_0_[6]
                         LUT5 (Prop_lut5_I0_O)        0.295     2.674 r  q_addr[7]_INST_0/O
                         net (fo=0)                   0.973     3.647    q_addr[7]
                                                                      r  q_addr[7] (OUT)
  -------------------------------------------------------------------    -------------------

Slack:                    inf
  Source:                 FSM_onehot_state_reg[4]/C
                            (rising edge-triggered cell FDCE clocked by clk  {rise@0.000ns fall@5.000ns period=10.000ns})
  Destination:            k_addr[7]
                            (output port)
  Path Group:             (none)
  Path Type:              Max at Slow Process Corner
  Data Path Delay:        2.657ns  (logic 0.813ns (30.598%)  route 1.844ns (69.402%))
  Logic Levels:           1  (LUT5=1)
  Clock Uncertainty:      0.225ns  ((TSJ^2 + TIJ^2)^1/2 + DJ) / 2 + PE + UU
    Total System Jitter     (TSJ):    0.050ns
    Total Input Jitter      (TIJ):    0.000ns
    Discrete Jitter          (DJ):    0.000ns
    Phase Error              (PE):    0.000ns
    User Uncertainty         (UU):    0.200ns

    Location             Delay type                Incr(ns)  Path(ns)    Netlist Resource(s)
  -------------------------------------------------------------------    -------------------
                         (clock clk rise edge)        0.000     0.000 r  
                                                      0.000     0.000 r  clk (IN)
                         net (fo=1523, unset)         0.973     0.973    clk
                         FDCE                                         r  FSM_onehot_state_reg[4]/C
  -------------------------------------------------------------------    -------------------
                         FDCE (Prop_fdce_C_Q)         0.518     1.491 r  FSM_onehot_state_reg[4]/Q
                         net (fo=25, unplaced)        0.871     2.362    FSM_onehot_state_reg_n_0_[4]
                         LUT5 (Prop_lut5_I0_O)        0.295     2.657 r  k_addr[7]_INST_0/O
                         net (fo=0)                   0.973     3.630    k_addr[7]
                                                                      r  k_addr[7] (OUT)
  -------------------------------------------------------------------    -------------------

Slack:                    inf
  Source:                 elem_idx_reg[3]/C
                            (rising edge-triggered cell FDCE clocked by clk  {rise@0.000ns fall@5.000ns period=10.000ns})
  Destination:            k_addr[3]
                            (output port)
  Path Group:             (none)
  Path Type:              Max at Slow Process Corner
  Data Path Delay:        2.637ns  (logic 0.813ns (30.830%)  route 1.824ns (69.170%))
  Logic Levels:           1  (LUT3=1)
  Clock Uncertainty:      0.225ns  ((TSJ^2 + TIJ^2)^1/2 + DJ) / 2 + PE + UU
    Total System Jitter     (TSJ):    0.050ns
    Total Input Jitter      (TIJ):    0.000ns
    Discrete Jitter          (DJ):    0.000ns
    Phase Error              (PE):    0.000ns
    User Uncertainty         (UU):    0.200ns

    Location             Delay type                Incr(ns)  Path(ns)    Netlist Resource(s)
  -------------------------------------------------------------------    -------------------
                         (clock clk rise edge)        0.000     0.000 r  
                                                      0.000     0.000 r  clk (IN)
                         net (fo=1523, unset)         0.973     0.973    clk
                         FDCE                                         r  elem_idx_reg[3]/C
  -------------------------------------------------------------------    -------------------
                         FDCE (Prop_fdce_C_Q)         0.518     1.491 r  elem_idx_reg[3]/Q
                         net (fo=150, unplaced)       0.851     2.342    out_addr[3]
                         LUT3 (Prop_lut3_I0_O)        0.295     2.637 r  k_addr[3]_INST_0/O
                         net (fo=0)                   0.973     3.610    k_addr[3]
                                                                      r  k_addr[3] (OUT)
  -------------------------------------------------------------------    -------------------





Min Delay Paths
--------------------------------------------------------------------------------------
Slack:                    inf
  Source:                 busy_reg/C
                            (rising edge-triggered cell FDCE clocked by clk  {rise@0.000ns fall@5.000ns period=10.000ns})
  Destination:            busy
                            (output port)
  Path Group:             (none)
  Path Type:              Min at Fast Process Corner
  Data Path Delay:        0.574ns  (logic 0.164ns (28.565%)  route 0.410ns (71.435%))
  Logic Levels:           0  
  Clock Uncertainty:      0.225ns  ((TSJ^2 + TIJ^2)^1/2 + DJ) / 2 + PE + UU
    Total System Jitter     (TSJ):    0.050ns
    Total Input Jitter      (TIJ):    0.000ns
    Discrete Jitter          (DJ):    0.000ns
    Phase Error              (PE):    0.000ns
    User Uncertainty         (UU):    0.200ns

    Location             Delay type                Incr(ns)  Path(ns)    Netlist Resource(s)
  -------------------------------------------------------------------    -------------------
                         (clock clk rise edge)        0.000     0.000 r  
                                                      0.000     0.000 r  clk (IN)
                         net (fo=1523, unset)         0.410     0.410    clk
                         FDCE                                         r  busy_reg/C
  -------------------------------------------------------------------    -------------------
                         FDCE (Prop_fdce_C_Q)         0.164     0.574 r  busy_reg/Q
                         net (fo=1, unset)            0.410     0.984    busy
                                                                      r  busy (OUT)
  -------------------------------------------------------------------    -------------------

Slack:                    inf
  Source:                 done_reg/C
                            (rising edge-triggered cell FDCE clocked by clk  {rise@0.000ns fall@5.000ns period=10.000ns})
  Destination:            done
                            (output port)
  Path Group:             (none)
  Path Type:              Min at Fast Process Corner
  Data Path Delay:        0.574ns  (logic 0.164ns (28.565%)  route 0.410ns (71.435%))
  Logic Levels:           0  
  Clock Uncertainty:      0.225ns  ((TSJ^2 + TIJ^2)^1/2 + DJ) / 2 + PE + UU
    Total System Jitter     (TSJ):    0.050ns
    Total Input Jitter      (TIJ):    0.000ns
    Discrete Jitter          (DJ):    0.000ns
    Phase Error              (PE):    0.000ns
    User Uncertainty         (UU):    0.200ns

    Location             Delay type                Incr(ns)  Path(ns)    Netlist Resource(s)
  -------------------------------------------------------------------    -------------------
                         (clock clk rise edge)        0.000     0.000 r  
                                                      0.000     0.000 r  clk (IN)
                         net (fo=1523, unset)         0.410     0.410    clk
                         FDCE                                         r  done_reg/C
  -------------------------------------------------------------------    -------------------
                         FDCE (Prop_fdce_C_Q)         0.164     0.574 r  done_reg/Q
                         net (fo=1, unset)            0.410     0.984    done
                                                                      r  done (OUT)
  -------------------------------------------------------------------    -------------------

Slack:                    inf
  Source:                 key_idx_reg[2]/C
                            (rising edge-triggered cell FDCE clocked by clk  {rise@0.000ns fall@5.000ns period=10.000ns})
  Destination:            k_addr[8]
                            (output port)
  Path Group:             (none)
  Path Type:              Min at Fast Process Corner
  Data Path Delay:        0.823ns  (logic 0.262ns (31.849%)  route 0.561ns (68.151%))
  Logic Levels:           1  (LUT6=1)
  Clock Uncertainty:      0.225ns  ((TSJ^2 + TIJ^2)^1/2 + DJ) / 2 + PE + UU
    Total System Jitter     (TSJ):    0.050ns
    Total Input Jitter      (TIJ):    0.000ns
    Discrete Jitter          (DJ):    0.000ns
    Phase Error              (PE):    0.000ns
    User Uncertainty         (UU):    0.200ns

    Location             Delay type                Incr(ns)  Path(ns)    Netlist Resource(s)
  -------------------------------------------------------------------    -------------------
                         (clock clk rise edge)        0.000     0.000 r  
                                                      0.000     0.000 r  clk (IN)
                         net (fo=1523, unset)         0.410     0.410    clk
                         FDCE                                         r  key_idx_reg[2]/C
  -------------------------------------------------------------------    -------------------
                         FDCE (Prop_fdce_C_Q)         0.164     0.574 r  key_idx_reg[2]/Q
                         net (fo=11, unplaced)        0.150     0.725    key_idx_reg_n_0_[2]
                         LUT6 (Prop_lut6_I5_O)        0.098     0.823 r  k_addr[8]_INST_0/O
                         net (fo=0)                   0.410     1.233    k_addr[8]
                                                                      r  k_addr[8] (OUT)
  -------------------------------------------------------------------    -------------------

Slack:                    inf
  Source:                 key_idx_reg[2]/C
                            (rising edge-triggered cell FDCE clocked by clk  {rise@0.000ns fall@5.000ns period=10.000ns})
  Destination:            v_addr[8]
                            (output port)
  Path Group:             (none)
  Path Type:              Min at Fast Process Corner
  Data Path Delay:        0.823ns  (logic 0.262ns (31.849%)  route 0.561ns (68.151%))
  Logic Levels:           1  (LUT6=1)
  Clock Uncertainty:      0.225ns  ((TSJ^2 + TIJ^2)^1/2 + DJ) / 2 + PE + UU
    Total System Jitter     (TSJ):    0.050ns
    Total Input Jitter      (TIJ):    0.000ns
    Discrete Jitter          (DJ):    0.000ns
    Phase Error              (PE):    0.000ns
    User Uncertainty         (UU):    0.200ns

    Location             Delay type                Incr(ns)  Path(ns)    Netlist Resource(s)
  -------------------------------------------------------------------    -------------------
                         (clock clk rise edge)        0.000     0.000 r  
                                                      0.000     0.000 r  clk (IN)
                         net (fo=1523, unset)         0.410     0.410    clk
                         FDCE                                         r  key_idx_reg[2]/C
  -------------------------------------------------------------------    -------------------
                         FDCE (Prop_fdce_C_Q)         0.164     0.574 r  key_idx_reg[2]/Q
                         net (fo=11, unplaced)        0.150     0.725    key_idx_reg_n_0_[2]
                         LUT6 (Prop_lut6_I5_O)        0.098     0.823 r  v_addr[8]_INST_0/O
                         net (fo=0)                   0.410     1.233    v_addr[8]
                                                                      r  v_addr[8] (OUT)
  -------------------------------------------------------------------    -------------------

Slack:                    inf
  Source:                 FSM_onehot_state_reg[3]/C
                            (rising edge-triggered cell FDCE clocked by clk  {rise@0.000ns fall@5.000ns period=10.000ns})
  Destination:            k_addr[0]
                            (output port)
  Path Group:             (none)
  Path Type:              Min at Fast Process Corner
  Data Path Delay:        0.825ns  (logic 0.262ns (31.768%)  route 0.563ns (68.232%))
  Logic Levels:           1  (LUT3=1)
  Clock Uncertainty:      0.225ns  ((TSJ^2 + TIJ^2)^1/2 + DJ) / 2 + PE + UU
    Total System Jitter     (TSJ):    0.050ns
    Total Input Jitter      (TIJ):    0.000ns
    Discrete Jitter          (DJ):    0.000ns
    Phase Error              (PE):    0.000ns
    User Uncertainty         (UU):    0.200ns

    Location             Delay type                Incr(ns)  Path(ns)    Netlist Resource(s)
  -------------------------------------------------------------------    -------------------
                         (clock clk rise edge)        0.000     0.000 r  
                                                      0.000     0.000 r  clk (IN)
                         net (fo=1523, unset)         0.410     0.410    clk
                         FDCE                                         r  FSM_onehot_state_reg[3]/C
  -------------------------------------------------------------------    -------------------
                         FDCE (Prop_fdce_C_Q)         0.164     0.574 r  FSM_onehot_state_reg[3]/Q
                         net (fo=14, unplaced)        0.153     0.727    FSM_onehot_state_reg_n_0_[3]
                         LUT3 (Prop_lut3_I2_O)        0.098     0.825 r  k_addr[0]_INST_0/O
                         net (fo=0)                   0.410     1.235    k_addr[0]
                                                                      r  k_addr[0] (OUT)
  -------------------------------------------------------------------    -------------------

Slack:                    inf
  Source:                 FSM_onehot_state_reg[3]/C
                            (rising edge-triggered cell FDCE clocked by clk  {rise@0.000ns fall@5.000ns period=10.000ns})
  Destination:            k_addr[1]
                            (output port)
  Path Group:             (none)
  Path Type:              Min at Fast Process Corner
  Data Path Delay:        0.825ns  (logic 0.262ns (31.768%)  route 0.563ns (68.232%))
  Logic Levels:           1  (LUT3=1)
  Clock Uncertainty:      0.225ns  ((TSJ^2 + TIJ^2)^1/2 + DJ) / 2 + PE + UU
    Total System Jitter     (TSJ):    0.050ns
    Total Input Jitter      (TIJ):    0.000ns
    Discrete Jitter          (DJ):    0.000ns
    Phase Error              (PE):    0.000ns
    User Uncertainty         (UU):    0.200ns

    Location             Delay type                Incr(ns)  Path(ns)    Netlist Resource(s)
  -------------------------------------------------------------------    -------------------
                         (clock clk rise edge)        0.000     0.000 r  
                                                      0.000     0.000 r  clk (IN)
                         net (fo=1523, unset)         0.410     0.410    clk
                         FDCE                                         r  FSM_onehot_state_reg[3]/C
  -------------------------------------------------------------------    -------------------
                         FDCE (Prop_fdce_C_Q)         0.164     0.574 r  FSM_onehot_state_reg[3]/Q
                         net (fo=14, unplaced)        0.153     0.727    FSM_onehot_state_reg_n_0_[3]
                         LUT3 (Prop_lut3_I2_O)        0.098     0.825 r  k_addr[1]_INST_0/O
                         net (fo=0)                   0.410     1.235    k_addr[1]
                                                                      r  k_addr[1] (OUT)
  -------------------------------------------------------------------    -------------------

Slack:                    inf
  Source:                 FSM_onehot_state_reg[3]/C
                            (rising edge-triggered cell FDCE clocked by clk  {rise@0.000ns fall@5.000ns period=10.000ns})
  Destination:            k_addr[2]
                            (output port)
  Path Group:             (none)
  Path Type:              Min at Fast Process Corner
  Data Path Delay:        0.825ns  (logic 0.262ns (31.768%)  route 0.563ns (68.232%))
  Logic Levels:           1  (LUT3=1)
  Clock Uncertainty:      0.225ns  ((TSJ^2 + TIJ^2)^1/2 + DJ) / 2 + PE + UU
    Total System Jitter     (TSJ):    0.050ns
    Total Input Jitter      (TIJ):    0.000ns
    Discrete Jitter          (DJ):    0.000ns
    Phase Error              (PE):    0.000ns
    User Uncertainty         (UU):    0.200ns

    Location             Delay type                Incr(ns)  Path(ns)    Netlist Resource(s)
  -------------------------------------------------------------------    -------------------
                         (clock clk rise edge)        0.000     0.000 r  
                                                      0.000     0.000 r  clk (IN)
                         net (fo=1523, unset)         0.410     0.410    clk
                         FDCE                                         r  FSM_onehot_state_reg[3]/C
  -------------------------------------------------------------------    -------------------
                         FDCE (Prop_fdce_C_Q)         0.164     0.574 r  FSM_onehot_state_reg[3]/Q
                         net (fo=14, unplaced)        0.153     0.727    FSM_onehot_state_reg_n_0_[3]
                         LUT3 (Prop_lut3_I2_O)        0.098     0.825 r  k_addr[2]_INST_0/O
                         net (fo=0)                   0.410     1.235    k_addr[2]
                                                                      r  k_addr[2] (OUT)
  -------------------------------------------------------------------    -------------------

Slack:                    inf
  Source:                 FSM_onehot_state_reg[3]/C
                            (rising edge-triggered cell FDCE clocked by clk  {rise@0.000ns fall@5.000ns period=10.000ns})
  Destination:            k_addr[3]
                            (output port)
  Path Group:             (none)
  Path Type:              Min at Fast Process Corner
  Data Path Delay:        0.825ns  (logic 0.262ns (31.768%)  route 0.563ns (68.232%))
  Logic Levels:           1  (LUT3=1)
  Clock Uncertainty:      0.225ns  ((TSJ^2 + TIJ^2)^1/2 + DJ) / 2 + PE + UU
    Total System Jitter     (TSJ):    0.050ns
    Total Input Jitter      (TIJ):    0.000ns
    Discrete Jitter          (DJ):    0.000ns
    Phase Error              (PE):    0.000ns
    User Uncertainty         (UU):    0.200ns

    Location             Delay type                Incr(ns)  Path(ns)    Netlist Resource(s)
  -------------------------------------------------------------------    -------------------
                         (clock clk rise edge)        0.000     0.000 r  
                                                      0.000     0.000 r  clk (IN)
                         net (fo=1523, unset)         0.410     0.410    clk
                         FDCE                                         r  FSM_onehot_state_reg[3]/C
  -------------------------------------------------------------------    -------------------
                         FDCE (Prop_fdce_C_Q)         0.164     0.574 r  FSM_onehot_state_reg[3]/Q
                         net (fo=14, unplaced)        0.153     0.727    FSM_onehot_state_reg_n_0_[3]
                         LUT3 (Prop_lut3_I2_O)        0.098     0.825 r  k_addr[3]_INST_0/O
                         net (fo=0)                   0.410     1.235    k_addr[3]
                                                                      r  k_addr[3] (OUT)
  -------------------------------------------------------------------    -------------------

Slack:                    inf
  Source:                 FSM_onehot_state_reg[3]/C
                            (rising edge-triggered cell FDCE clocked by clk  {rise@0.000ns fall@5.000ns period=10.000ns})
  Destination:            k_addr[4]
                            (output port)
  Path Group:             (none)
  Path Type:              Min at Fast Process Corner
  Data Path Delay:        0.825ns  (logic 0.262ns (31.768%)  route 0.563ns (68.232%))
  Logic Levels:           1  (LUT3=1)
  Clock Uncertainty:      0.225ns  ((TSJ^2 + TIJ^2)^1/2 + DJ) / 2 + PE + UU
    Total System Jitter     (TSJ):    0.050ns
    Total Input Jitter      (TIJ):    0.000ns
    Discrete Jitter          (DJ):    0.000ns
    Phase Error              (PE):    0.000ns
    User Uncertainty         (UU):    0.200ns

    Location             Delay type                Incr(ns)  Path(ns)    Netlist Resource(s)
  -------------------------------------------------------------------    -------------------
                         (clock clk rise edge)        0.000     0.000 r  
                                                      0.000     0.000 r  clk (IN)
                         net (fo=1523, unset)         0.410     0.410    clk
                         FDCE                                         r  FSM_onehot_state_reg[3]/C
  -------------------------------------------------------------------    -------------------
                         FDCE (Prop_fdce_C_Q)         0.164     0.574 r  FSM_onehot_state_reg[3]/Q
                         net (fo=14, unplaced)        0.153     0.727    FSM_onehot_state_reg_n_0_[3]
                         LUT3 (Prop_lut3_I2_O)        0.098     0.825 r  k_addr[4]_INST_0/O
                         net (fo=0)                   0.410     1.235    k_addr[4]
                                                                      r  k_addr[4] (OUT)
  -------------------------------------------------------------------    -------------------

Slack:                    inf
  Source:                 FSM_onehot_state_reg[3]/C
                            (rising edge-triggered cell FDCE clocked by clk  {rise@0.000ns fall@5.000ns period=10.000ns})
  Destination:            k_addr[5]
                            (output port)
  Path Group:             (none)
  Path Type:              Min at Fast Process Corner
  Data Path Delay:        0.825ns  (logic 0.262ns (31.768%)  route 0.563ns (68.232%))
  Logic Levels:           1  (LUT3=1)
  Clock Uncertainty:      0.225ns  ((TSJ^2 + TIJ^2)^1/2 + DJ) / 2 + PE + UU
    Total System Jitter     (TSJ):    0.050ns
    Total Input Jitter      (TIJ):    0.000ns
    Discrete Jitter          (DJ):    0.000ns
    Phase Error              (PE):    0.000ns
    User Uncertainty         (UU):    0.200ns

    Location             Delay type                Incr(ns)  Path(ns)    Netlist Resource(s)
  -------------------------------------------------------------------    -------------------
                         (clock clk rise edge)        0.000     0.000 r  
                                                      0.000     0.000 r  clk (IN)
                         net (fo=1523, unset)         0.410     0.410    clk
                         FDCE                                         r  FSM_onehot_state_reg[3]/C
  -------------------------------------------------------------------    -------------------
                         FDCE (Prop_fdce_C_Q)         0.164     0.574 r  FSM_onehot_state_reg[3]/Q
                         net (fo=14, unplaced)        0.153     0.727    FSM_onehot_state_reg_n_0_[3]
                         LUT3 (Prop_lut3_I2_O)        0.098     0.825 r  k_addr[5]_INST_0/O
                         net (fo=0)                   0.410     1.235    k_addr[5]
                                                                      r  k_addr[5] (OUT)
  -------------------------------------------------------------------    -------------------





